Gen,Resource,Stamp,TimeStamp_Start,TimeStamp_End,Duration,Indiv_id
0,1,TransfertToDevice,3534395512200,3534520200900,124688700,-1
0,1,STEP,3534552310100,3534553819800,1509700,-1
1,1,STEP,3534553883200,3534554820200,937000,-1
2,1,STEP,3534554854600,3534556511000,1656400,-1
3,1,STEP,3534556614400,3534558256400,1642000,-1
4,1,STEP,3534558300200,3534559710800,1410600,-1
5,1,STEP,3534559744500,3534561073000,1328500,-1
6,1,STEP,3534561104100,3534562580000,1475900,-1
7,1,STEP,3534562625600,3534563940400,1314800,-1
8,1,STEP,3534563977600,3534565406600,1429000,-1
9,1,STEP,3534565442700,3534566797200,1354500,-1
10,1,STEP,3534566830300,3534568179700,1349400,-1
11,1,STEP,3534568210600,3534569629600,1419000,-1
12,1,STEP,3534569662500,3534571081400,1418900,-1
13,1,STEP,3534571113600,3534572883200,1769600,-1
14,1,STEP,3534572926400,3534574328900,1402500,-1
15,1,STEP,3534574360000,3534575821100,1461100,-1
16,1,STEP,3534575856400,3534577266100,1409700,-1
17,1,STEP,3534577315400,3534578807100,1491700,-1
18,1,STEP,3534578838600,3534580484200,1645600,-1
19,1,STEP,3534580515700,3534581879900,1364200,-1
20,1,STEP,3534581908900,3534583356800,1447900,-1
21,1,STEP,3534583389000,3534584799300,1410300,-1
22,1,STEP,3534584832300,3534586018600,1186300,-1
23,1,STEP,3534586062100,3534587008100,946000,-1
24,1,STEP,3534587048500,3534587907000,858500,-1
25,1,STEP,3534587946400,3534588845700,899300,-1
26,1,STEP,3534588883100,3534589901000,1017900,-1
27,1,STEP,3534589939300,3534590857000,917700,-1
28,1,STEP,3534590894600,3534591863100,968500,-1
29,1,STEP,3534591902800,3534592814200,911400,-1
30,1,STEP,3534592846600,3534593558300,711700,-1
31,1,STEP,3534593587400,3534594334900,747500,-1
32,1,STEP,3534594366700,3534595123900,757200,-1
33,1,STEP,3534595153400,3534595857800,704400,-1
34,1,STEP,3534595887400,3534596611000,723600,-1
35,1,STEP,3534596639300,3534597816800,1177500,-1
36,1,STEP,3534597854600,3534598694000,839400,-1
37,1,STEP,3534598735100,3534599375300,640200,-1
38,1,STEP,3534599404400,3534600192500,788100,-1
39,1,STEP,3534600220600,3534601000000,779400,-1
40,1,STEP,3534601028500,3534601717200,688700,-1
41,1,STEP,3534601745400,3534602601100,855700,-1
42,1,STEP,3534602635000,3534603433500,798500,-1
43,1,STEP,3534603463000,3534604301000,838000,-1
44,1,STEP,3534604333000,3534605040100,707100,-1
45,1,STEP,3534605069600,3534605808200,738600,-1
46,1,STEP,3534605839700,3534606616600,776900,-1
47,1,STEP,3534606646600,3534607385000,738400,-1
48,1,STEP,3534607421800,3534608246000,824200,-1
49,1,STEP,3534608281900,3534609237200,955300,-1
50,1,STEP,3534609273500,3534610057400,783900,-1
51,1,STEP,3534610089000,3534610906800,817800,-1
52,1,STEP,3534610942100,3534611715000,772900,-1
53,1,STEP,3534611746700,3534612542800,796100,-1
54,1,STEP,3534612573700,3534613279000,705300,-1
55,1,STEP,3534613309200,3534614065500,756300,-1
56,1,STEP,3534614094400,3534614863100,768700,-1
57,1,STEP,3534614892700,3534615676000,783300,-1
58,1,STEP,3534615707400,3534616462300,754900,-1
59,1,STEP,3534616492300,3534617234400,742100,-1
60,1,STEP,3534617264600,3534618199700,935100,-1
61,1,STEP,3534618240900,3534619296400,1055500,-1
62,1,STEP,3534619328000,3534620179500,851500,-1
63,1,STEP,3534620210200,3534620980700,770500,-1
64,1,STEP,3534621014800,3534621837800,823000,-1
65,1,STEP,3534621868600,3534622622100,753500,-1
66,1,STEP,3534622653000,3534623403000,750000,-1
67,1,STEP,3534623432900,3534624163300,730400,-1
68,1,STEP,3534624193500,3534625162100,968600,-1
69,1,STEP,3534625199900,3534625716400,516500,-1
70,1,STEP,3534625754900,3534626755700,1000800,-1
71,1,STEP,3534626788100,3534627626100,838000,-1
72,1,STEP,3534627660900,3534628560400,899500,-1
73,1,STEP,3534628591100,3534629378500,787400,-1
74,1,STEP,3534629408700,3534630194900,786200,-1
75,1,STEP,3534630224900,3534631035300,810400,-1
76,1,STEP,3534631066500,3534632036700,970200,-1
77,1,STEP,3534632069000,3534633048000,979000,-1
78,1,STEP,3534633081200,3534633838300,757100,-1
79,1,STEP,3534633870000,3534634658500,788500,-1
80,1,STEP,3534634689300,3534635487000,797700,-1
81,1,STEP,3534635517700,3534636302100,784400,-1
82,1,STEP,3534636334500,3534637089400,754900,-1
83,1,STEP,3534637131000,3534637906200,775200,-1
84,1,STEP,3534637937300,3534638802200,864900,-1
85,1,STEP,3534638832800,3534639594700,761900,-1
86,1,STEP,3534639625300,3534640417900,792600,-1
87,1,STEP,3534640470600,3534641579200,1108600,-1
88,1,STEP,3534641617000,3534642558200,941200,-1
89,1,STEP,3534642590600,3534643545000,954400,-1
90,1,STEP,3534643577800,3534644501900,924100,-1
91,1,STEP,3534644534400,3534645474900,940500,-1
92,1,STEP,3534645512800,3534646472300,959500,-1
93,1,STEP,3534646510200,3534647834300,1324100,-1
94,1,STEP,3534647867600,3534648799800,932200,-1
95,1,STEP,3534648832000,3534649677600,845600,-1
96,1,STEP,3534649710300,3534650426000,715700,-1
97,1,STEP,3534650457700,3534651339600,881900,-1
98,1,STEP,3534651374700,3534652169800,795100,-1
99,1,STEP,3534652201200,3534653129800,928600,-1
100,1,STEP,3534653163000,3534654069200,906200,-1
101,1,STEP,3534654100100,3534654877100,777000,-1
102,1,STEP,3534654908700,3534655754700,846000,-1
103,1,STEP,3534655786400,3534656963000,1176600,-1
104,1,STEP,3534657003700,3534658135800,1132100,-1
105,1,STEP,3534658171000,3534659195600,1024600,-1
106,1,STEP,3534659231400,3534660153100,921700,-1
107,1,STEP,3534660186300,3534660892700,706400,-1
108,1,STEP,3534660925200,3534662010000,1084800,-1
109,1,STEP,3534662051500,3534662897500,846000,-1
110,1,STEP,3534662929600,3534663886400,956800,-1
111,1,STEP,3534663922600,3534664965300,1042700,-1
112,1,STEP,3534664997300,3534665917500,920200,-1
113,1,STEP,3534665974300,3534666856900,882600,-1
114,1,STEP,3534666888100,3534667803300,915200,-1
115,1,STEP,3534667834400,3534668866400,1032000,-1
116,1,STEP,3534668897900,3534669996900,1099000,-1
117,1,STEP,3534670029000,3534671070200,1041200,-1
118,1,STEP,3534671100800,3534672475600,1374800,-1
119,1,STEP,3534672518800,3534673587600,1068800,-1
120,1,STEP,3534673620300,3534674463800,843500,-1
121,1,STEP,3534674491400,3534675352100,860700,-1
122,1,STEP,3534675414700,3534676263600,848900,-1
123,1,STEP,3534676293700,3534677146600,852900,-1
124,1,STEP,3534677175600,3534678045800,870200,-1
125,1,STEP,3534678074400,3534678873900,799500,-1
126,1,STEP,3534678906300,3534679752800,846500,-1
127,1,STEP,3534679782500,3534680787800,1005300,-1
128,1,STEP,3534680828500,3534681615100,786600,-1
129,1,STEP,3534681649000,3534682473900,824900,-1
130,1,STEP,3534682505400,3534683495800,990400,-1
131,1,STEP,3534683527100,3534684385800,858700,-1
132,1,STEP,3534684415900,3534685230000,814100,-1
133,1,STEP,3534685260000,3534686147200,887200,-1
134,1,STEP,3534686182200,3534687131200,949000,-1
135,1,STEP,3534687168900,3534688084700,915800,-1
136,1,STEP,3534688116400,3534688968800,852400,-1
137,1,STEP,3534688999300,3534689925800,926500,-1
138,1,STEP,3534689959300,3534690786400,827100,-1
139,1,STEP,3534690818000,3534691685700,867700,-1
140,1,STEP,3534691717900,3534692603200,885300,-1
141,1,STEP,3534692634500,3534693534300,899800,-1
142,1,STEP,3534693565300,3534694507100,941800,-1
143,1,STEP,3534694542800,3534695133200,590400,-1
144,1,STEP,3534695208100,3534696207500,999400,-1
145,1,STEP,3534696261400,3534697257800,996400,-1
146,1,STEP,3534697305100,3534698119100,814000,-1
147,1,STEP,3534698161500,3534699035600,874100,-1
148,1,STEP,3534699072200,3534699913300,841100,-1
149,1,STEP,3534699948200,3534700778200,830000,-1
150,1,STEP,3534700811800,3534702006500,1194700,-1
151,1,STEP,3534702044500,3534702858700,814200,-1
152,1,STEP,3534702894200,3534703747000,852800,-1
153,1,STEP,3534703779200,3534704536900,757700,-1
154,1,STEP,3534704570100,3534705423300,853200,-1
155,1,STEP,3534705459700,3534706397100,937400,-1
156,1,STEP,3534706431900,3534707275700,843800,-1
157,1,STEP,3534707327600,3534708438700,1111100,-1
158,1,STEP,3534708479500,3534709736400,1256900,-1
159,1,STEP,3534709774500,3534711195600,1421100,-1
160,1,STEP,3534711246400,3534712375300,1128900,-1
161,1,STEP,3534712408900,3534713271800,862900,-1
162,1,STEP,3534713305200,3534714145800,840600,-1
163,1,STEP,3534714177600,3534715166000,988400,-1
164,1,STEP,3534715201400,3534716475800,1274400,-1
165,1,STEP,3534716513800,3534717296900,783100,-1
166,1,STEP,3534717341100,3534718232300,891200,-1
167,1,STEP,3534718270700,3534719118200,847500,-1
168,1,STEP,3534719153900,3534720303100,1149200,-1
169,1,STEP,3534720341200,3534721265900,924700,-1
170,1,STEP,3534721303800,3534722251900,948100,-1
171,1,STEP,3534722292200,3534723195800,903600,-1
172,1,STEP,3534723237600,3534724177500,939900,-1
173,1,STEP,3534724212300,3534725042700,830400,-1
174,1,STEP,3534725075600,3534725961700,886100,-1
175,1,STEP,3534726000300,3534726892000,891700,-1
176,1,STEP,3534726929500,3534727719000,789500,-1
177,1,STEP,3534727751800,3534728585700,833900,-1
178,1,STEP,3534728626500,3534729622200,995700,-1
179,1,STEP,3534729661800,3534730639400,977600,-1
180,1,STEP,3534730676200,3534731605900,929700,-1
181,1,STEP,3534731639200,3534732462300,823100,-1
182,1,STEP,3534732495500,3534733302200,806700,-1
183,1,STEP,3534733352100,3534734161100,809000,-1
184,1,STEP,3534734193000,3534735138500,945500,-1
185,1,STEP,3534735171400,3534736583800,1412400,-1
186,1,STEP,3534736625200,3534737910000,1284800,-1
187,1,STEP,3534737960000,3534738939500,979500,-1
188,1,STEP,3534738976500,3534739845700,869200,-1
189,1,STEP,3534739879300,3534740714500,835200,-1
190,1,STEP,3534740747400,3534741680600,933200,-1
191,1,STEP,3534741716700,3534742731300,1014600,-1
192,1,STEP,3534742764600,3534743752200,987600,-1
193,1,STEP,3534743789100,3534744740200,951100,-1
194,1,STEP,3534744774400,3534745817800,1043400,-1
195,1,STEP,3534745853700,3534746777100,923400,-1
196,1,STEP,3534746812700,3534747759800,947100,-1
197,1,STEP,3534747793500,3534748830000,1036500,-1
198,1,STEP,3534748864400,3534749891400,1027000,-1
199,1,STEP,3534749929100,3534750913600,984500,-1
200,1,STEP,3534750949100,3534751998300,1049200,-1
201,1,STEP,3534752033700,3534752927500,893800,-1
202,1,STEP,3534752960800,3534753875300,914500,-1
203,1,STEP,3534753910500,3534754949400,1038900,-1
204,1,STEP,3534754985200,3534755938300,953100,-1
205,1,STEP,3534755975100,3534757234500,1259400,-1
206,1,STEP,3534757283400,3534758549100,1265700,-1
207,1,STEP,3534758591600,3534759610600,1019000,-1
208,1,STEP,3534759651900,3534760661800,1009900,-1
209,1,STEP,3534760698900,3534761613200,914300,-1
210,1,STEP,3534761649700,3534762641100,991400,-1
211,1,STEP,3534762678400,3534763715300,1036900,-1
212,1,STEP,3534763752800,3534764857000,1104200,-1
213,1,STEP,3534764897400,3534766074700,1177300,-1
214,1,STEP,3534766114700,3534767090000,975300,-1
215,1,STEP,3534767127000,3534768114000,987000,-1
216,1,STEP,3534768150800,3534769104800,954000,-1
217,1,STEP,3534769142500,3534770138800,996300,-1
218,1,STEP,3534770176800,3534771174000,997200,-1
219,1,STEP,3534771215000,3534772155400,940400,-1
220,1,STEP,3534772193500,3534773286500,1093000,-1
221,1,STEP,3534773328800,3534774312700,983900,-1
222,1,STEP,3534774350100,3534775287500,937400,-1
223,1,STEP,3534775325400,3534776342400,1017000,-1
224,1,STEP,3534776383200,3534777425000,1041800,-1
225,1,STEP,3534777465700,3534778713300,1247600,-1
226,1,STEP,3534778757700,3534779713700,956000,-1
227,1,STEP,3534779753000,3534780690400,937400,-1
228,1,STEP,3534780728100,3534781645000,916900,-1
229,1,STEP,3534781683400,3534782936800,1253400,-1
230,1,STEP,3534782976800,3534783954500,977700,-1
231,1,STEP,3534783999200,3534785021000,1021800,-1
232,1,STEP,3534785065000,3534786081100,1016100,-1
233,1,STEP,3534786127000,3534787113900,986900,-1
234,1,STEP,3534787154800,3534788245400,1090600,-1
235,1,STEP,3534788286400,3534789438100,1151700,-1
236,1,STEP,3534789487300,3534790561900,1074600,-1
237,1,STEP,3534790601400,3534791533300,931900,-1
238,1,STEP,3534791576200,3534792577500,1001300,-1
239,1,STEP,3534792617800,3534793620700,1002900,-1
240,1,STEP,3534793663900,3534794795600,1131700,-1
241,1,STEP,3534794838300,3534795977100,1138800,-1
242,1,STEP,3534796021600,3534797128100,1106500,-1
243,1,STEP,3534797168000,3534798163300,995300,-1
244,1,STEP,3534798202900,3534799245100,1042200,-1
245,1,STEP,3534799291000,3534800230500,939500,-1
246,1,STEP,3534800269700,3534801188800,919100,-1
247,1,STEP,3534801229000,3534802363200,1134200,-1
248,1,STEP,3534802404400,3534803457800,1053400,-1
249,1,STEP,3534803521900,3534804592200,1070300,-1
250,1,STEP,3534804658000,3534805710800,1052800,-1
251,1,STEP,3534805758900,3534806365100,606200,-1
252,1,STEP,3534806405400,3534807672100,1266700,-1
253,1,STEP,3534807723000,3534808764200,1041200,-1
254,1,STEP,3534808825600,3534809879700,1054100,-1
255,1,STEP,3534809929300,3534811018300,1089000,-1
256,1,STEP,3534811065700,3534812192000,1126300,-1
257,1,STEP,3534812238000,3534813215600,977600,-1
258,1,STEP,3534813255200,3534814287100,1031900,-1
259,1,STEP,3534814325900,3534815295200,969300,-1
260,1,STEP,3534815335200,3534816328900,993700,-1
261,1,STEP,3534816371200,3534817380300,1009100,-1
262,1,STEP,3534817421200,3534818331900,910700,-1
263,1,STEP,3534818372600,3534819441000,1068400,-1
264,1,STEP,3534819484300,3534820739600,1255300,-1
265,1,STEP,3534820795300,3534821945300,1150000,-1
266,1,STEP,3534821988000,3534823398000,1410000,-1
267,1,STEP,3534823440200,3534824918900,1478700,-1
268,1,STEP,3534824958900,3534826086800,1127900,-1
269,1,STEP,3534826129500,3534827465500,1336000,-1
270,1,STEP,3534827510000,3534828693600,1183600,-1
271,1,STEP,3534828734800,3534830131700,1396900,-1
272,1,STEP,3534830189500,3534831206900,1017400,-1
273,1,STEP,3534831242800,3534832347100,1104300,-1
274,1,STEP,3534832389400,3534833447800,1058400,-1
275,1,STEP,3534833485000,3534834447900,962900,-1
276,1,STEP,3534834480900,3534835519800,1038900,-1
277,1,STEP,3534835557300,3534836792200,1234900,-1
278,1,STEP,3534836861000,3534838094700,1233700,-1
279,1,STEP,3534838134100,3534839221600,1087500,-1
280,1,STEP,3534839262300,3534840556600,1294300,-1
281,1,STEP,3534840601300,3534841630200,1028900,-1
282,1,STEP,3534841670800,3534842621500,950700,-1
283,1,STEP,3534842660200,3534844447800,1787600,-1
284,1,STEP,3534844498200,3534846394600,1896400,-1
285,1,STEP,3534846446100,3534848707200,2261100,-1
286,1,STEP,3534848780400,3534849929100,1148700,-1
287,1,STEP,3534849976200,3534851028500,1052300,-1
288,1,STEP,3534851090000,3534852293300,1203300,-1
289,1,STEP,3534852347000,3534853389200,1042200,-1
290,1,STEP,3534853426200,3534854553100,1126900,-1
291,1,STEP,3534854594200,3534855700500,1106300,-1
292,1,STEP,3534855741600,3534856974300,1232700,-1
293,1,STEP,3534857048600,3534858192600,1144000,-1
294,1,STEP,3534858242200,3534859322900,1080700,-1
295,1,STEP,3534859373700,3534860409000,1035300,-1
296,1,STEP,3534860450800,3534861539800,1089000,-1
297,1,STEP,3534861583800,3534862809000,1225200,-1
298,1,STEP,3534862847000,3534864140800,1293800,-1
299,1,STEP,3534864178700,3534864925800,747100,-1
300,1,STEP,3534864959400,3534866160300,1200900,-1
301,1,STEP,3534866198200,3534867572100,1373900,-1
302,1,STEP,3534867605500,3534869011000,1405500,-1
303,1,STEP,3534869095300,3534870558300,1463000,-1
304,1,STEP,3534870608400,3534871990800,1382400,-1
305,1,STEP,3534872046600,3534873191200,1144600,-1
306,1,STEP,3534873233500,3534874306000,1072500,-1
307,1,STEP,3534874349500,3534875460500,1111000,-1
308,1,STEP,3534875504200,3534876571800,1067600,-1
309,1,STEP,3534876617300,3534877726700,1109400,-1
310,1,STEP,3534877770100,3534878887700,1117600,-1
311,1,STEP,3534878934000,3534880151200,1217200,-1
312,1,STEP,3534880194100,3534881427300,1233200,-1
313,1,STEP,3534881471000,3534882761900,1290900,-1
314,1,STEP,3534882814200,3534883969500,1155300,-1
315,1,STEP,3534884015100,3534885586300,1571200,-1
316,1,STEP,3534885662400,3534886934500,1272100,-1
317,1,STEP,3534886985800,3534888142600,1156800,-1
318,1,STEP,3534888195900,3534889479400,1283500,-1
319,1,STEP,3534889527300,3534890840800,1313500,-1
320,1,STEP,3534890887100,3534892146600,1259500,-1
321,1,STEP,3534892192600,3534893265800,1073200,-1
322,1,STEP,3534893307000,3534894365800,1058800,-1
323,1,STEP,3534894409500,3534895096300,686800,-1
324,1,STEP,3534895141000,3534896432300,1291300,-1
325,1,STEP,3534896484000,3534897858800,1374800,-1
326,1,STEP,3534897908400,3534899467900,1559500,-1
327,1,STEP,3534899511300,3534900989500,1478200,-1
328,1,STEP,3534901044600,3534902256300,1211700,-1
329,1,STEP,3534902300000,3534903469000,1169000,-1
330,1,STEP,3534903516500,3534904609700,1093200,-1
331,1,STEP,3534904669100,3534905877200,1208100,-1
332,1,STEP,3534905923400,3534906976100,1052700,-1
333,1,STEP,3534907020100,3534908090700,1070600,-1
334,1,STEP,3534908131200,3534909215200,1084000,-1
335,1,STEP,3534909259300,3534910503400,1244100,-1
336,1,STEP,3534910549600,3534911741200,1191600,-1
337,1,STEP,3534911784500,3534912990900,1206400,-1
338,1,STEP,3534913041000,3534914146500,1105500,-1
339,1,STEP,3534914188200,3534915291100,1102900,-1
340,1,STEP,3534915331900,3534916712000,1380100,-1
341,1,STEP,3534916776800,3534917826300,1049500,-1
342,1,STEP,3534917884700,3534919091900,1207200,-1
343,1,STEP,3534919137300,3534920198000,1060700,-1
344,1,STEP,3534920242900,3534921356200,1113300,-1
345,1,STEP,3534921401100,3534922378600,977500,-1
346,1,STEP,3534922418900,3534923531700,1112800,-1
347,1,STEP,3534923579200,3534924975200,1396000,-1
348,1,STEP,3534925023900,3534926201800,1177900,-1
349,1,STEP,3534926244100,3534927680600,1436500,-1
350,1,STEP,3534927718600,3534929015200,1296600,-1
351,1,STEP,3534929056300,3534930012600,956300,-1
352,1,STEP,3534930057200,3534930960500,903300,-1
353,1,STEP,3534931003000,3534932049000,1046000,-1
354,1,STEP,3534932093900,3534933407500,1313600,-1
355,1,STEP,3534933488400,3534934713800,1225400,-1
356,1,STEP,3534934775200,3534936058600,1283400,-1
357,1,STEP,3534936117600,3534937454900,1337300,-1
358,1,STEP,3534937550700,3534939543100,1992400,-1
359,1,STEP,3534939672800,3534941116400,1443600,-1
360,1,STEP,3534941172600,3534942393600,1221000,-1
361,1,STEP,3534942429700,3534943593200,1163500,-1
362,1,STEP,3534943627300,3534944753300,1126000,-1
363,1,STEP,3534944795000,3534945789300,994300,-1
364,1,STEP,3534945885100,3534946981600,1096500,-1
365,1,STEP,3534947022100,3534947991300,969200,-1
366,1,STEP,3534948028100,3534949150800,1122700,-1
367,1,STEP,3534949188900,3534950153800,964900,-1
368,1,STEP,3534950190200,3534951232200,1042000,-1
369,1,STEP,3534951269400,3534952352000,1082600,-1
370,1,STEP,3534952389600,3534953412700,1023100,-1
371,1,STEP,3534953454700,3534954569900,1115200,-1
372,1,STEP,3534954608800,3534955621700,1012900,-1
373,1,STEP,3534955676100,3534956756500,1080400,-1
374,1,STEP,3534956794900,3534957805500,1010600,-1
375,1,STEP,3534957843000,3534958920100,1077100,-1
376,1,STEP,3534958959700,3534960104900,1145200,-1
377,1,STEP,3534960143900,3534961478300,1334400,-1
378,1,STEP,3534961517600,3534962600700,1083100,-1
379,1,STEP,3534962638700,3534963631000,992300,-1
380,1,STEP,3534963668800,3534964854400,1185600,-1
381,1,STEP,3534964908800,3534966035500,1126700,-1
382,1,STEP,3534966095600,3534967088300,992700,-1
383,1,STEP,3534967127900,3534968225500,1097600,-1
384,1,STEP,3534968264900,3534969256300,991400,-1
385,1,STEP,3534969294300,3534970323500,1029200,-1
386,1,STEP,3534970381800,3534971426700,1044900,-1
387,1,STEP,3534971465500,3534972590800,1125300,-1
388,1,STEP,3534972628300,3534973746600,1118300,-1
389,1,STEP,3534973785700,3534974910900,1125200,-1
390,1,STEP,3534974950300,3534977178100,2227800,-1
391,1,STEP,3534977226100,3534978582400,1356300,-1
392,1,STEP,3534978626100,3534979883000,1256900,-1
393,1,STEP,3534979917500,3534981219900,1302400,-1
394,1,STEP,3534981262500,3534982671200,1408700,-1
395,1,STEP,3534982704500,3534983889900,1185400,-1
396,1,STEP,3534983920600,3534984319500,398900,-1
397,1,STEP,3534984350300,3534985363600,1013300,-1
398,1,STEP,3534985394700,3534986557600,1162900,-1
399,1,STEP,3534986600600,3534987571500,970900,-1
400,1,STEP,3534987605200,3534988426800,821600,-1
401,1,STEP,3534988458200,3534989450800,992600,-1
402,1,STEP,3534989482300,3534990403400,921100,-1
403,1,STEP,3534990435200,3534991393100,957900,-1
404,1,STEP,3534991424700,3534992576300,1151600,-1
405,1,STEP,3534992608800,3534993575000,966200,-1
406,1,STEP,3534993608300,3534994545100,936800,-1
407,1,STEP,3534994576300,3534995536500,960200,-1
408,1,STEP,3534995568100,3534996558500,990400,-1
409,1,STEP,3534996596100,3534997450600,854500,-1
410,1,STEP,3534997482900,3534998387000,904100,-1
411,1,STEP,3534998420200,3534999239000,818800,-1
412,1,STEP,3534999270500,3535000350700,1080200,-1
413,1,STEP,3535000384200,3535001385800,1001600,-1
414,1,STEP,3535001434900,3535002371400,936500,-1
415,1,STEP,3535002403700,3535003333500,929800,-1
416,1,STEP,3535003364600,3535004371300,1006700,-1
417,1,STEP,3535004403600,3535005366600,963000,-1
418,1,STEP,3535005397600,3535006396300,998700,-1
419,1,STEP,3535006431200,3535007622200,1191000,-1
420,1,STEP,3535007657400,3535008740600,1083200,-1
421,1,STEP,3535008776600,3535009835600,1059000,-1
422,1,STEP,3535009869300,3535010902600,1033300,-1
423,1,STEP,3535010936300,3535011939300,1003000,-1
424,1,STEP,3535011976100,3535013300100,1324000,-1
425,1,STEP,3535013346700,3535014701100,1354400,-1
426,1,STEP,3535014736600,3535015793300,1056700,-1
427,1,STEP,3535015831700,3535017059700,1228000,-1
428,1,STEP,3535017093700,3535018339000,1245300,-1
429,1,STEP,3535018370300,3535019887200,1516900,-1
430,1,STEP,3535019920600,3535021329600,1409000,-1
431,1,STEP,3535021369100,3535022501100,1132000,-1
432,1,STEP,3535022534500,3535023543500,1009000,-1
433,1,STEP,3535023576800,3535024549300,972500,-1
434,1,STEP,3535024581600,3535025584200,1002600,-1
435,1,STEP,3535025615400,3535026771000,1155600,-1
436,1,STEP,3535026807400,3535028101300,1293900,-1
437,1,STEP,3535028155600,3535029794800,1639200,-1
438,1,STEP,3535029842500,3535030987700,1145200,-1
439,1,STEP,3535031022800,3535032190400,1167600,-1
440,1,STEP,3535032228600,3535033431200,1202600,-1
441,1,STEP,3535033463800,3535034596300,1132500,-1
442,1,STEP,3535034630400,3535035722400,1092000,-1
443,1,STEP,3535035758200,3535036745700,987500,-1
444,1,STEP,3535036780000,3535037822000,1042000,-1
445,1,STEP,3535037857800,3535039083700,1225900,-1
446,1,STEP,3535039121300,3535040203200,1081900,-1
447,1,STEP,3535040236900,3535041306500,1069600,-1
448,1,STEP,3535041342900,3535042411200,1068300,-1
449,1,STEP,3535042453600,3535043513300,1059700,-1
450,1,STEP,3535043549500,3535044658500,1109000,-1
451,1,STEP,3535044699300,3535045698100,998800,-1
452,1,STEP,3535045732700,3535046721200,988500,-1
453,1,STEP,3535046753500,3535047744700,991200,-1
454,1,STEP,3535047777600,3535048206400,428800,-1
455,1,STEP,3535048240400,3535049337500,1097100,-1
456,1,STEP,3535049379400,3535050358100,978700,-1
457,1,STEP,3535050393500,3535051429700,1036200,-1
458,1,STEP,3535051465000,3535052466400,1001400,-1
459,1,STEP,3535052501100,3535053634900,1133800,-1
460,1,STEP,3535053669800,3535054662300,992500,-1
461,1,STEP,3535054697300,3535055678200,980900,-1
462,1,STEP,3535055713900,3535056856800,1142900,-1
463,1,STEP,3535056896400,3535057959500,1063100,-1
464,1,STEP,3535057995200,3535058962700,967500,-1
465,1,STEP,3535058998000,3535060200500,1202500,-1
466,1,STEP,3535060249100,3535061491200,1242100,-1
467,1,STEP,3535061527500,3535062745200,1217700,-1
468,1,STEP,3535062793400,3535063905900,1112500,-1
469,1,STEP,3535063946300,3535065007800,1061500,-1
470,1,STEP,3535065053200,3535066141700,1088500,-1
471,1,STEP,3535066180100,3535067265100,1085000,-1
472,1,STEP,3535067301400,3535068465100,1163700,-1
473,1,STEP,3535068501300,3535069598200,1096900,-1
474,1,STEP,3535069635500,3535070640800,1005300,-1
475,1,STEP,3535070676700,3535071670500,993800,-1
476,1,STEP,3535071710900,3535072785900,1075000,-1
477,1,STEP,3535072828700,3535073841600,1012900,-1
478,1,STEP,3535073877300,3535075070200,1192900,-1
479,1,STEP,3535075107400,3535076757400,1650000,-1
480,1,STEP,3535076823500,3535077954200,1130700,-1
481,1,STEP,3535078004700,3535078991500,986800,-1
482,1,STEP,3535079046700,3535080016900,970200,-1
483,1,STEP,3535080072200,3535081007300,935100,-1
484,1,STEP,3535081055400,3535082092300,1036900,-1
485,1,STEP,3535082144000,3535083399600,1255600,-1
486,1,STEP,3535083456400,3535084779000,1322600,-1
487,1,STEP,3535084836100,3535086135100,1299000,-1
488,1,STEP,3535086184200,3535087571100,1386900,-1
489,1,STEP,3535087615100,3535088620900,1005800,-1
490,1,STEP,3535088657600,3535089630400,972800,-1
491,1,STEP,3535089666300,3535090765300,1099000,-1
492,1,STEP,3535090802600,3535091890700,1088100,-1
493,1,STEP,3535091926600,3535092967700,1041100,-1
494,1,STEP,3535093004700,3535094055100,1050400,-1
495,1,STEP,3535094091300,3535095527400,1436100,-1
496,1,STEP,3535095604600,3535096752600,1148000,-1
497,1,STEP,3535096803000,3535097875000,1072000,-1
498,1,STEP,3535097922500,3535099521500,1599000,-1
499,1,STEP,3535099582800,3535101600500,2017700,-1
500,1,STEP,3535101642900,3535103509500,1866600,-1
501,1,STEP,3535103546400,3535105401300,1854900,-1
502,1,STEP,3535105445700,3535107354200,1908500,-1
503,1,STEP,3535107402800,3535109234100,1831300,-1
504,1,STEP,3535109276400,3535111187300,1910900,-1
505,1,STEP,3535111228100,3535113260900,2032800,-1
506,1,STEP,3535113295500,3535115679800,2384300,-1
507,1,STEP,3535115719100,3535117910600,2191500,-1
508,1,STEP,3535117947900,3535120162500,2214600,-1
509,1,STEP,3535120198900,3535122219600,2020700,-1
510,1,STEP,3535122255800,3535124170200,1914400,-1
511,1,STEP,3535124208200,3535126283700,2075500,-1
512,1,STEP,3535126355400,3535128445200,2089800,-1
513,1,STEP,3535128489700,3535130659500,2169800,-1
514,1,STEP,3535130714400,3535132785100,2070700,-1
515,1,STEP,3535132848400,3535135125400,2277000,-1
516,1,STEP,3535135188900,3535137464100,2275200,-1
517,1,STEP,3535137570200,3535140099200,2529000,-1
518,1,STEP,3535140166800,3535142389400,2222600,-1
519,1,STEP,3535142458500,3535145262500,2804000,-1
520,1,STEP,3535145352400,3535150320500,4968100,-1
521,1,STEP,3535150425800,3535152016100,1590300,-1
522,1,STEP,3535152074100,3535153952200,1878100,-1
523,1,STEP,3535154012900,3535158902500,4889600,-1
524,1,STEP,3535158952300,3535163283400,4331100,-1
525,1,STEP,3535163354300,3535166713200,3358900,-1
526,1,STEP,3535166788600,3535168374200,1585600,-1
527,1,STEP,3535168419100,3535169584400,1165300,-1
528,1,STEP,3535169625700,3535170896700,1271000,-1
529,1,STEP,3535170934800,3535172290000,1355200,-1
530,1,STEP,3535172327500,3535173523200,1195700,-1
531,1,STEP,3535173565800,3535174777900,1212100,-1
532,1,STEP,3535174827400,3535177322500,2495100,-1
533,1,STEP,3535177370800,3535181895000,4524200,-1
534,1,STEP,3535181957400,3535186016500,4059100,-1
535,1,STEP,3535186094600,3535189306600,3212000,-1
536,1,STEP,3535189357100,3535190652000,1294900,-1
537,1,STEP,3535190691500,3535191780500,1089000,-1
538,1,STEP,3535191818500,3535192942200,1123700,-1
539,1,STEP,3535192981300,3535194255600,1274300,-1
540,1,STEP,3535194303400,3535195854000,1550600,-1
541,1,STEP,3535195925400,3535197113900,1188500,-1
542,1,STEP,3535197173600,3535198891700,1718100,-1
543,1,STEP,3535198959300,3535200289600,1330300,-1
544,1,STEP,3535200355100,3535201660700,1305600,-1
545,1,STEP,3535201725000,3535203096800,1371800,-1
546,1,STEP,3535203153100,3535204337100,1184000,-1
547,1,STEP,3535204388200,3535205763600,1375400,-1
548,1,STEP,3535205823500,3535208158800,2335300,-1
549,1,STEP,3535208208000,3535212834900,4626900,-1
550,1,STEP,3535212956900,3535217837700,4880800,-1
551,1,STEP,3535217914200,3535221894200,3980000,-1
552,1,STEP,3535221936100,3535227820400,5884300,-1
553,1,STEP,3535227919500,3535232603600,4684100,-1
554,1,STEP,3535232700700,3535233821600,1120900,-1
555,1,STEP,3535233859500,3535235374800,1515300,-1
556,1,STEP,3535235406900,3535236699500,1292600,-1
557,1,STEP,3535236743400,3535237812600,1069200,-1
558,1,STEP,3535237847700,3535238811800,964100,-1
559,1,STEP,3535238847100,3535240018900,1171800,-1
560,1,STEP,3535240060300,3535241185500,1125200,-1
561,1,STEP,3535241236700,3535242295200,1058500,-1
562,1,STEP,3535242352000,3535243760100,1408100,-1
563,1,STEP,3535243821400,3535245421200,1599800,-1
564,1,STEP,3535245464900,3535248079900,2615000,-1
565,1,STEP,3535248121500,3535250476200,2354700,-1
566,1,STEP,3535250534600,3535253378300,2843700,-1
567,1,STEP,3535253412800,3535255971200,2558400,-1
568,1,STEP,3535256003500,3535258820900,2817400,-1
569,1,STEP,3535258867900,3535260900800,2032900,-1
570,1,STEP,3535260935500,3535262930900,1995400,-1
571,1,STEP,3535262962500,3535265115600,2153100,-1
572,1,STEP,3535265156500,3535267338700,2182200,-1
573,1,STEP,3535267378100,3535269403300,2025200,-1
574,1,STEP,3535269435300,3535271479900,2044600,-1
575,1,STEP,3535271515300,3535273637500,2122200,-1
576,1,STEP,3535273688500,3535275794100,2105600,-1
577,1,STEP,3535275829300,3535277960500,2131200,-1
578,1,STEP,3535278008900,3535280809900,2801000,-1
579,1,STEP,3535280851700,3535282937300,2085600,-1
580,1,STEP,3535282969400,3535285057500,2088100,-1
581,1,STEP,3535285092500,3535286268000,1175500,-1
582,1,STEP,3535286308800,3535287822300,1513500,-1
583,1,STEP,3535287857100,3535289040900,1183800,-1
584,1,STEP,3535289089800,3535290188600,1098800,-1
585,1,STEP,3535290223300,3535291314800,1091500,-1
586,1,STEP,3535291347700,3535292411200,1063500,-1
587,1,STEP,3535292450700,3535293529800,1079100,-1
588,1,STEP,3535293569900,3535294669400,1099500,-1
589,1,STEP,3535294704700,3535296003300,1298600,-1
590,1,STEP,3535296041200,3535297325900,1284700,-1
591,1,STEP,3535297369600,3535298768000,1398400,-1
592,1,STEP,3535298814800,3535299894300,1079500,-1
593,1,STEP,3535299931300,3535301006200,1074900,-1
594,1,STEP,3535301043300,3535302148400,1105100,-1
595,1,STEP,3535302184600,3535303323800,1139200,-1
596,1,STEP,3535303361900,3535304437100,1075200,-1
597,1,STEP,3535304472600,3535305665300,1192700,-1
598,1,STEP,3535305726700,3535306876700,1150000,-1
599,1,STEP,3535306916800,3535308023400,1106600,-1
600,1,STEP,3535308065200,3535309209200,1144000,-1
601,1,STEP,3535309243800,3535310288800,1045000,-1
602,1,STEP,3535310326600,3535311561400,1234800,-1
603,1,STEP,3535311596400,3535312672700,1076300,-1
604,1,STEP,3535312710200,3535314177900,1467700,-1
605,1,STEP,3535314219100,3535315432600,1213500,-1
606,1,STEP,3535315468600,3535316922400,1453800,-1
607,1,STEP,3535316981200,3535318047800,1066600,-1
608,1,STEP,3535318083800,3535319292300,1208500,-1
609,1,STEP,3535319329700,3535320737200,1407500,-1
610,1,STEP,3535320816200,3535322134100,1317900,-1
611,1,STEP,3535322194600,3535323368300,1173700,-1
612,1,STEP,3535323414200,3535324446900,1032700,-1
613,1,STEP,3535324484300,3535325517000,1032700,-1
614,1,STEP,3535325553600,3535326926900,1373300,-1
615,1,STEP,3535326971400,3535328524400,1553000,-1
616,1,STEP,3535328561900,3535329666400,1104500,-1
617,1,STEP,3535329703800,3535330791600,1087800,-1
618,1,STEP,3535330830100,3535331921200,1091100,-1
619,1,STEP,3535331960600,3535333218700,1258100,-1
620,1,STEP,3535333259100,3535334985900,1726800,-1
621,1,STEP,3535335035600,3535336609300,1573700,-1
622,1,STEP,3535336659700,3535338277500,1617800,-1
623,1,STEP,3535338325400,3535339440900,1115500,-1
624,1,STEP,3535339479900,3535340741600,1261700,-1
625,1,STEP,3535340783900,3535341902900,1119000,-1
626,1,STEP,3535341941600,3535343092600,1151000,-1
627,1,STEP,3535343132400,3535344289700,1157300,-1
628,1,STEP,3535344331500,3535346050800,1719300,-1
629,1,STEP,3535346098300,3535347890300,1792000,-1
630,1,STEP,3535347950600,3535349395200,1444600,-1
631,1,STEP,3535349441000,3535351346100,1905100,-1
632,1,STEP,3535351391100,3535353108400,1717300,-1
633,1,STEP,3535353153600,3535354443100,1289500,-1
634,1,STEP,3535354492500,3535355681600,1189100,-1
635,1,STEP,3535355728200,3535357046200,1318000,-1
636,1,STEP,3535357086000,3535358446400,1360400,-1
637,1,STEP,3535358485900,3535359759800,1273900,-1
638,1,STEP,3535359801000,3535361203800,1402800,-1
639,1,STEP,3535361255500,3535362501600,1246100,-1
640,1,STEP,3535362554600,3535363729500,1174900,-1
641,1,STEP,3535363770100,3535364934500,1164400,-1
642,1,STEP,3535364974500,3535366049200,1074700,-1
643,1,STEP,3535366091100,3535367239000,1147900,-1
644,1,STEP,3535367280000,3535368668200,1388200,-1
645,1,STEP,3535368727000,3535370021600,1294600,-1
646,1,STEP,3535370068200,3535371291100,1222900,-1
647,1,STEP,3535371330200,3535372472900,1142700,-1
648,1,STEP,3535372510200,3535373599800,1089600,-1
649,1,STEP,3535373637200,3535374750200,1113000,-1
650,1,STEP,3535374788100,3535375957600,1169500,-1
651,1,STEP,3535375997100,3535377159500,1162400,-1
652,1,STEP,3535377197200,3535378494900,1297700,-1
653,1,STEP,3535378532900,3535379768900,1236000,-1
654,1,STEP,3535379807000,3535380911300,1104300,-1
655,1,STEP,3535380949700,3535382217800,1268100,-1
656,1,STEP,3535382274600,3535383380800,1106200,-1
657,1,STEP,3535383420300,3535384859600,1439300,-1
658,1,STEP,3535384918500,3535386209700,1291200,-1
659,1,STEP,3535386266300,3535387525500,1259200,-1
660,1,STEP,3535387574100,3535388871200,1297100,-1
661,1,STEP,3535388908200,3535390086400,1178200,-1
662,1,STEP,3535390121300,3535391420900,1299600,-1
663,1,STEP,3535391455500,3535392503600,1048100,-1
664,1,STEP,3535392536700,3535393545700,1009000,-1
665,1,STEP,3535393579200,3535394632600,1053400,-1
666,1,STEP,3535394667100,3535395791700,1124600,-1
667,1,STEP,3535395828900,3535397175200,1346300,-1
668,1,STEP,3535397229100,3535398497700,1268600,-1
669,1,STEP,3535398536300,3535399918000,1381700,-1
670,1,STEP,3535399953200,3535401316000,1362800,-1
671,1,STEP,3535401368000,3535402753800,1385800,-1
672,1,STEP,3535402790000,3535403900000,1110000,-1
673,1,STEP,3535403933500,3535404992600,1059100,-1
674,1,STEP,3535405026800,3535406085000,1058200,-1
675,1,STEP,3535406122400,3535407203700,1081300,-1
676,1,STEP,3535407242800,3535408831600,1588800,-1
677,1,STEP,3535408864400,3535409998600,1134200,-1
678,1,STEP,3535410036200,3535411276200,1240000,-1
679,1,STEP,3535411313400,3535412483400,1170000,-1
680,1,STEP,3535412518200,3535413522800,1004600,-1
681,1,STEP,3535413559000,3535414987800,1428800,-1
682,1,STEP,3535415020500,3535416014700,994200,-1
683,1,STEP,3535416047400,3535417236000,1188600,-1
684,1,STEP,3535417286400,3535418615400,1329000,-1
685,1,STEP,3535418650700,3535419675600,1024900,-1
686,1,STEP,3535419706700,3535420627400,920700,-1
687,1,STEP,3535420657900,3535421671300,1013400,-1
688,1,STEP,3535421707100,3535422779200,1072100,-1
689,1,STEP,3535422809400,3535423934200,1124800,-1
690,1,STEP,3535423969900,3535425166500,1196600,-1
691,1,STEP,3535425206300,3535426420800,1214500,-1
692,1,STEP,3535426456100,3535427475300,1019200,-1
693,1,STEP,3535427507700,3535428513200,1005500,-1
694,1,STEP,3535428545000,3535429578900,1033900,-1
695,1,STEP,3535429611500,3535430972700,1361200,-1
696,1,STEP,3535431010500,3535432116900,1106400,-1
697,1,STEP,3535432151000,3535433841700,1690700,-1
698,1,STEP,3535433892700,3535435069900,1177200,-1
699,1,STEP,3535435108100,3535436334000,1225900,-1
700,1,STEP,3535436367700,3535437557200,1189500,-1
701,1,STEP,3535437597800,3535438735600,1137800,-1
702,1,STEP,3535438767200,3535439841000,1073800,-1
703,1,STEP,3535439872600,3535440909100,1036500,-1
704,1,STEP,3535440941100,3535441998900,1057800,-1
705,1,STEP,3535442030400,3535443102200,1071800,-1
706,1,STEP,3535443135300,3535444289300,1154000,-1
707,1,STEP,3535444321700,3535445532500,1210800,-1
708,1,STEP,3535445569200,3535446550100,980900,-1
709,1,STEP,3535446586700,3535447913200,1326500,-1
710,1,STEP,3535447978300,3535449387200,1408900,-1
711,1,STEP,3535449428900,3535450824700,1395800,-1
712,1,STEP,3535450869100,3535452434500,1565400,-1
713,1,STEP,3535452474600,3535453760600,1286000,-1
714,1,STEP,3535453792500,3535455275800,1483300,-1
715,1,STEP,3535455308400,3535456350200,1041800,-1
716,1,STEP,3535456386300,3535457474900,1088600,-1
717,1,STEP,3535457510100,3535458627600,1117500,-1
718,1,STEP,3535458662200,3535459703300,1041100,-1
719,1,STEP,3535459738900,3535460891600,1152700,-1
720,1,STEP,3535460926300,3535462266900,1340600,-1
721,1,STEP,3535462298700,3535463625700,1327000,-1
722,1,STEP,3535463667300,3535465161600,1494300,-1
723,1,STEP,3535465195700,3535466288800,1093100,-1
724,1,STEP,3535466345500,3535467434100,1088600,-1
725,1,STEP,3535467471300,3535468603500,1132200,-1
726,1,STEP,3535468635700,3535469774100,1138400,-1
727,1,STEP,3535469806200,3535471260700,1454500,-1
728,1,STEP,3535471292800,3535472419100,1126300,-1
729,1,STEP,3535472451000,3535473957800,1506800,-1
730,1,STEP,3535473991400,3535475097100,1105700,-1
731,1,STEP,3535475128700,3535476206400,1077700,-1
732,1,STEP,3535476253000,3535477202800,949800,-1
733,1,STEP,3535477238000,3535478615300,1377300,-1
734,1,STEP,3535478651200,3535479879500,1228300,-1
735,1,STEP,3535479920200,3535481259100,1338900,-1
736,1,STEP,3535481295500,3535482635500,1340000,-1
737,1,STEP,3535482668100,3535483777500,1109400,-1
738,1,STEP,3535483810000,3535485124400,1314400,-1
739,1,STEP,3535485156000,3535486361100,1205100,-1
740,1,STEP,3535486398100,3535487632700,1234600,-1
741,1,STEP,3535487669100,3535488739700,1070600,-1
742,1,STEP,3535488785100,3535489837500,1052400,-1
743,1,STEP,3535489869300,3535491018900,1149600,-1
744,1,STEP,3535491052100,3535492100500,1048400,-1
745,1,STEP,3535492133900,3535493476100,1342200,-1
746,1,STEP,3535493510300,3535494690700,1180400,-1
747,1,STEP,3535494733700,3535495803000,1069300,-1
748,1,STEP,3535495838100,3535496879800,1041700,-1
749,1,STEP,3535496918600,3535498189900,1271300,-1
750,1,STEP,3535498227600,3535499488600,1261000,-1
751,1,STEP,3535499525000,3535500651400,1126400,-1
752,1,STEP,3535500692800,3535501831400,1138600,-1
753,1,STEP,3535501867300,3535503039900,1172600,-1
754,1,STEP,3535503076600,3535504193700,1117100,-1
755,1,STEP,3535504228000,3535505201200,973200,-1
756,1,STEP,3535505237000,3535506301200,1064200,-1
757,1,STEP,3535506335900,3535507383400,1047500,-1
758,1,STEP,3535507417500,3535508612200,1194700,-1
759,1,STEP,3535508649600,3535509674700,1025100,-1
760,1,STEP,3535509709800,3535511246700,1536900,-1
761,1,STEP,3535511282100,3535512446600,1164500,-1
762,1,STEP,3535512481200,3535513668000,1186800,-1
763,1,STEP,3535513700500,3535514721300,1020800,-1
764,1,STEP,3535514753200,3535515954900,1201700,-1
765,1,STEP,3535515989800,3535517464000,1474200,-1
766,1,STEP,3535517496800,3535518522100,1025300,-1
767,1,STEP,3535518554900,3535519623900,1069000,-1
768,1,STEP,3535519658700,3535520871600,1212900,-1
769,1,STEP,3535520907700,3535522007600,1099900,-1
770,1,STEP,3535522046200,3535523085400,1039200,-1
771,1,STEP,3535523122600,3535524249800,1127200,-1
772,1,STEP,3535524284000,3535525284500,1000500,-1
773,1,STEP,3535525316700,3535526373500,1056800,-1
774,1,STEP,3535526409000,3535527665700,1256700,-1
775,1,STEP,3535527700700,3535528914900,1214200,-1
776,1,STEP,3535528962900,3535529967200,1004300,-1
777,1,STEP,3535530000800,3535531118300,1117500,-1
778,1,STEP,3535531152200,3535532214500,1062300,-1
779,1,STEP,3535532249600,3535533289200,1039600,-1
780,1,STEP,3535533322300,3535534322300,1000000,-1
781,1,STEP,3535534355300,3535535478300,1123000,-1
782,1,STEP,3535535510900,3535537020800,1509900,-1
783,1,STEP,3535537055000,3535538462300,1407300,-1
784,1,STEP,3535538506800,3535539512200,1005400,-1
785,1,STEP,3535539545700,3535540532400,986700,-1
786,1,STEP,3535540567600,3535541726500,1158900,-1
787,1,STEP,3535541762100,3535543181100,1419000,-1
788,1,STEP,3535543234700,3535544321700,1087000,-1
789,1,STEP,3535544359100,3535545483500,1124400,-1
790,1,STEP,3535545517600,3535546535500,1017900,-1
791,1,STEP,3535546569800,3535547565100,995300,-1
792,1,STEP,3535547598200,3535549032900,1434700,-1
793,1,STEP,3535549070600,3535550322200,1251600,-1
794,1,STEP,3535550357200,3535551515900,1158700,-1
795,1,STEP,3535551550800,3535552672600,1121800,-1
796,1,STEP,3535552714200,3535554384600,1670400,-1
797,1,STEP,3535554431600,3535555439300,1007700,-1
798,1,STEP,3535555481500,3535556697500,1216000,-1
799,1,STEP,3535556755100,3535558096200,1341100,-1
800,1,STEP,3535558148700,3535559314800,1166100,-1
801,1,STEP,3535559353300,3535560656700,1303400,-1
802,1,STEP,3535560691200,3535562100400,1409200,-1
803,1,STEP,3535562133300,3535563406600,1273300,-1
804,1,STEP,3535563446900,3535564402400,955500,-1
805,1,STEP,3535564433900,3535565429000,995100,-1
806,1,STEP,3535565459500,3535566500900,1041400,-1
807,1,STEP,3535566533600,3535567555900,1022300,-1
808,1,STEP,3535567585400,3535568637300,1051900,-1
809,1,STEP,3535568667800,3535569781700,1113900,-1
810,1,STEP,3535569814800,3535570973500,1158700,-1
811,1,STEP,3535571005700,3535572070600,1064900,-1
812,1,STEP,3535572101900,3535573491600,1389700,-1
813,1,STEP,3535573523600,3535574962300,1438700,-1
814,1,STEP,3535575030400,3535577187200,2156800,-1
815,1,STEP,3535577229600,3535579187900,1958300,-1
816,1,STEP,3535579228200,3535580485100,1256900,-1
817,1,STEP,3535580514700,3535582268800,1754100,-1
818,1,STEP,3535582305000,3535584307900,2002900,-1
819,1,STEP,3535584343300,3535586119200,1775900,-1
820,1,STEP,3535586155800,3535587949800,1794000,-1
821,1,STEP,3535587984300,3535589854100,1869800,-1
822,1,STEP,3535589902100,3535592256900,2354800,-1
823,1,STEP,3535592293800,3535594359500,2065700,-1
824,1,STEP,3535594402800,3535596269500,1866700,-1
825,1,STEP,3535596306300,3535598262200,1955900,-1
826,1,STEP,3535598302400,3535600222300,1919900,-1
827,1,STEP,3535600259400,3535602221800,1962400,-1
828,1,STEP,3535602257000,3535604162200,1905200,-1
829,1,STEP,3535604209800,3535605524500,1314700,-1
830,1,STEP,3535605560500,3535607020400,1459900,-1
831,1,STEP,3535607066600,3535608368800,1302200,-1
832,1,STEP,3535608400900,3535609491600,1090700,-1
833,1,STEP,3535609523900,3535610688300,1164400,-1
834,1,STEP,3535610719900,3535611762500,1042600,-1
835,1,STEP,3535611796700,3535612941100,1144400,-1
836,1,STEP,3535612973600,3535614094800,1121200,-1
837,1,STEP,3535614128600,3535615174400,1045800,-1
838,1,STEP,3535615208500,3535616659300,1450800,-1
839,1,STEP,3535616693100,3535618013200,1320100,-1
840,1,STEP,3535618047000,3535619106300,1059300,-1
841,1,STEP,3535619139800,3535620256800,1117000,-1
842,1,STEP,3535620289400,3535621401000,1111600,-1
843,1,STEP,3535621434900,3535622728300,1293400,-1
844,1,STEP,3535622777200,3535624026000,1248800,-1
845,1,STEP,3535624066900,3535625209400,1142500,-1
846,1,STEP,3535625250800,3535626688200,1437400,-1
847,1,STEP,3535626727700,3535628001600,1273900,-1
848,1,STEP,3535628039300,3535629217700,1178400,-1
849,1,STEP,3535629256700,3535630410600,1153900,-1
850,1,STEP,3535630449500,3535631662900,1213400,-1
851,1,STEP,3535631700400,3535632927400,1227000,-1
852,1,STEP,3535632964500,3535634351500,1387000,-1
853,1,STEP,3535634389000,3535635870600,1481600,-1
854,1,STEP,3535635910400,3535637353500,1443100,-1
855,1,STEP,3535637392300,3535638443400,1051100,-1
856,1,STEP,3535638485500,3535639760100,1274600,-1
857,1,STEP,3535639827900,3535641130900,1303000,-1
858,1,STEP,3535641168900,3535642365800,1196900,-1
859,1,STEP,3535642403600,3535643761800,1358200,-1
860,1,STEP,3535643800800,3535645225600,1424800,-1
861,1,STEP,3535645262000,3535646412200,1150200,-1
862,1,STEP,3535646454200,3535647671300,1217100,-1
863,1,STEP,3535647704900,3535648861400,1156500,-1
864,1,STEP,3535648891800,3535649974500,1082700,-1
865,1,STEP,3535650004400,3535650983900,979500,-1
866,1,STEP,3535651012100,3535652033300,1021200,-1
867,1,STEP,3535652062300,3535653249100,1186800,-1
868,1,STEP,3535653287900,3535654768200,1480300,-1
869,1,STEP,3535654814000,3535655860200,1046200,-1
870,1,STEP,3535655895600,3535656980400,1084800,-1
871,1,STEP,3535657013500,3535658035500,1022000,-1
872,1,STEP,3535658067600,3535659163100,1095500,-1
873,1,STEP,3535659202100,3535660367700,1165600,-1
874,1,STEP,3535660406900,3535661491100,1084200,-1
875,1,STEP,3535661524700,3535662681800,1157100,-1
876,1,STEP,3535662713500,3535664050000,1336500,-1
877,1,STEP,3535664098600,3535665525100,1426500,-1
878,1,STEP,3535665567000,3535666756000,1189000,-1
879,1,STEP,3535666798800,3535668042700,1243900,-1
880,1,STEP,3535668077000,3535669167200,1090200,-1
881,1,STEP,3535669200700,3535670295900,1095200,-1
882,1,STEP,3535670331400,3535671564100,1232700,-1
883,1,STEP,3535671595400,3535672680400,1085000,-1
884,1,STEP,3535672710100,3535673751700,1041600,-1
885,1,STEP,3535673781700,3535674822700,1041000,-1
886,1,STEP,3535674854100,3535675961700,1107600,-1
887,1,STEP,3535675994300,3535676991900,997600,-1
888,1,STEP,3535677021800,3535678127300,1105500,-1
889,1,STEP,3535678157100,3535679224900,1067800,-1
890,1,STEP,3535679255700,3535680410700,1155000,-1
891,1,STEP,3535680443600,3535681775600,1332000,-1
892,1,STEP,3535681811000,3535682961400,1150400,-1
893,1,STEP,3535682995600,3535684068800,1073200,-1
894,1,STEP,3535684099800,3535685152800,1053000,-1
895,1,STEP,3535685184500,3535686831000,1646500,-1
896,1,STEP,3535686887300,3535687918400,1031100,-1
897,1,STEP,3535687951300,3535689035800,1084500,-1
898,1,STEP,3535689067100,3535690162700,1095600,-1
899,1,STEP,3535690194400,3535691324200,1129800,-1
900,1,STEP,3535691355400,3535692497100,1141700,-1
901,1,STEP,3535692528300,3535693558200,1029900,-1
902,1,STEP,3535693588800,3535694833200,1244400,-1
903,1,STEP,3535694865900,3535696260200,1394300,-1
904,1,STEP,3535696296000,3535697437400,1141400,-1
905,1,STEP,3535697470100,3535698551700,1081600,-1
906,1,STEP,3535698593200,3535699641600,1048400,-1
907,1,STEP,3535699673000,3535700799000,1126000,-1
908,1,STEP,3535700829900,3535702476900,1647000,-1
909,1,STEP,3535702527700,3535703693400,1165700,-1
910,1,STEP,3535703730300,3535704833600,1103300,-1
911,1,STEP,3535704867700,3535705869500,1001800,-1
912,1,STEP,3535705902000,3535706889500,987500,-1
913,1,STEP,3535706919800,3535708135400,1215600,-1
914,1,STEP,3535708166100,3535709762200,1596100,-1
915,1,STEP,3535709798700,3535711111200,1312500,-1
916,1,STEP,3535711141700,3535712214300,1072600,-1
917,1,STEP,3535712244300,3535713315600,1071300,-1
918,1,STEP,3535713345300,3535714392600,1047300,-1
919,1,STEP,3535714423100,3535715471800,1048700,-1
920,1,STEP,3535715502400,3535716535700,1033300,-1
921,1,STEP,3535716566600,3535717782700,1216100,-1
922,1,STEP,3535717820500,3535719159500,1339000,-1
923,1,STEP,3535719189600,3535720688900,1499300,-1
924,1,STEP,3535720731500,3535721863900,1132400,-1
925,1,STEP,3535721898000,3535723092100,1194100,-1
926,1,STEP,3535723140400,3535724131700,991300,-1
927,1,STEP,3535724164000,3535725206600,1042600,-1
928,1,STEP,3535725239700,3535726310400,1070700,-1
929,1,STEP,3535726345300,3535727364100,1018800,-1
930,1,STEP,3535727396200,3535728428400,1032200,-1
931,1,STEP,3535728459900,3535729654200,1194300,-1
932,1,STEP,3535729688800,3535730820500,1131700,-1
933,1,STEP,3535730855300,3535731921600,1066300,-1
934,1,STEP,3535731972100,3535733054900,1082800,-1
935,1,STEP,3535733107100,3535734124100,1017000,-1
936,1,STEP,3535734159000,3535735270000,1111000,-1
937,1,STEP,3535735302100,3535736457800,1155700,-1
938,1,STEP,3535736493000,3535737509300,1016300,-1
939,1,STEP,3535737542200,3535738481300,939100,-1
940,1,STEP,3535738514200,3535739554700,1040500,-1
941,1,STEP,3535739586800,3535740652500,1065700,-1
942,1,STEP,3535740685000,3535741722100,1037100,-1
943,1,STEP,3535741756500,3535742877200,1120700,-1
944,1,STEP,3535742909400,3535744259000,1349600,-1
945,1,STEP,3535744297400,3535745403500,1106100,-1
946,1,STEP,3535745438300,3535746975400,1537100,-1
947,1,STEP,3535747013100,3535748173700,1160600,-1
948,1,STEP,3535748207600,3535749575000,1367400,-1
949,1,STEP,3535749625800,3535751175800,1550000,-1
950,1,STEP,3535751213100,3535752325500,1112400,-1
951,1,STEP,3535752359500,3535753430400,1070900,-1
952,1,STEP,3535753464200,3535754601100,1136900,-1
953,1,STEP,3535754638200,3535755696400,1058200,-1
954,1,STEP,3535755734400,3535757226800,1492400,-1
955,1,STEP,3535757268800,3535758761600,1492800,-1
956,1,STEP,3535758802800,3535759950400,1147600,-1
957,1,STEP,3535759998900,3535761077700,1078800,-1
958,1,STEP,3535761113700,3535762219300,1105600,-1
959,1,STEP,3535762254200,3535763393500,1139300,-1
960,1,STEP,3535763428200,3535764635600,1207400,-1
961,1,STEP,3535764674800,3535765818500,1143700,-1
962,1,STEP,3535765863500,3535767073900,1210400,-1
963,1,STEP,3535767110900,3535768469100,1358200,-1
964,1,STEP,3535768514100,3535769897500,1383400,-1
965,1,STEP,3535769943800,3535771221200,1277400,-1
966,1,STEP,3535771268500,3535772555500,1287000,-1
967,1,STEP,3535772593600,3535773699200,1105600,-1
968,1,STEP,3535773734300,3535774820000,1085700,-1
969,1,STEP,3535774857100,3535775919800,1062700,-1
970,1,STEP,3535775973900,3535777056500,1082600,-1
971,1,STEP,3535777091700,3535778234900,1143200,-1
972,1,STEP,3535778275500,3535779416900,1141400,-1
973,1,STEP,3535779457000,3535780501800,1044800,-1
974,1,STEP,3535780539300,3535782602700,2063400,-1
975,1,STEP,3535782655100,3535784786700,2131600,-1
976,1,STEP,3535784829500,3535787176100,2346600,-1
977,1,STEP,3535787228900,3535789298200,2069300,-1
978,1,STEP,3535789337000,3535791367400,2030400,-1
979,1,STEP,3535791406400,3535793339500,1933100,-1
980,1,STEP,3535793386300,3535795279400,1893100,-1
981,1,STEP,3535795317100,3535797226900,1909800,-1
982,1,STEP,3535797264800,3535799206400,1941600,-1
983,1,STEP,3535799243300,3535801010900,1767600,-1
984,1,STEP,3535801045100,3535802891700,1846600,-1
985,1,STEP,3535802925700,3535804726700,1801000,-1
986,1,STEP,3535804761200,3535806781500,2020300,-1
987,1,STEP,3535806825700,3535808805200,1979500,-1
988,1,STEP,3535808858000,3535810663400,1805400,-1
989,1,STEP,3535810698700,3535812541000,1842300,-1
990,1,STEP,3535812576300,3535814421700,1845400,-1
991,1,STEP,3535814457000,3535816445500,1988500,-1
992,1,STEP,3535816480900,3535818427400,1946500,-1
993,1,STEP,3535818459900,3535820457600,1997700,-1
994,1,STEP,3535820497900,3535822301000,1803100,-1
995,1,STEP,3535822339900,3535824101200,1761300,-1
996,1,STEP,3535824136200,3535826052000,1915800,-1
997,1,STEP,3535826089900,3535828011800,1921900,-1
998,1,STEP,3535828048300,3535829673800,1625500,-1
999,1,STEP,3535829727600,3535831210100,1482500,-1
