Generation,fitness,metabolic_error,amount_of_dna,nb_coding_rnas,nb_non_coding_rnas,nb_functional_genes,nb_non_functional_genes,nb_mut,nb_switch
1,2.05283e-62,0.144364,5000,0.94281,7.07104,0.940063,0.00427246,5.04736,5.04736
2,1.57715e-61,0.144099,5000,0.943726,7.09314,0.942749,0.003479,4.99707,4.99707
3,5.93361e-61,0.143481,5000,0.940491,7.12885,0.939148,0.00482178,4.98865,4.98865
4,2.2425e-60,0.142295,5000,0.946716,7.16583,0.94696,0.00390625,4.97546,4.97546
5,1.49969e-59,0.140861,5000,0.949768,7.19659,0.950073,0.00427246,4.97473,4.97473
6,8.8333e-54,0.139457,5000,0.951599,7.22485,0.952576,0.00366211,5.03345,5.03345
7,7.50825e-53,0.138136,5000,0.957886,7.26178,0.960815,0.00341797,4.97284,4.97284
8,3.0475e-52,0.137162,5000,0.958313,7.30591,0.964417,0.00292969,4.99988,4.99988
9,2.90936e-48,0.136358,5000,0.958557,7.32404,0.965271,0.00323486,5.03046,5.03046
10,2.61792e-47,0.135445,5000,0.956909,7.35132,0.96637,0.00421143,5.00323,5.00323
11,6.69013e-47,0.134253,5000,0.958679,7.37189,0.969604,0.00299072,4.98059,4.98059
12,1.74523e-46,0.132677,5000,0.959595,7.39624,0.97168,0.00292969,5.02045,5.02045
13,3.81039e-46,0.130856,5000,0.961548,7.41498,0.973145,0.00366211,5.00989,5.00989
14,7.38805e-46,0.128699,5000,0.9599,7.4184,0.968811,0.00317383,5.02942,5.02942
15,1.48342e-45,0.126447,5000,0.959351,7.43671,0.965759,0.00341797,5.00323,5.00323
16,2.83888e-45,0.123859,5000,0.960266,7.46368,0.966187,0.00366211,4.98987,4.98987
17,4.94187e-45,0.121179,5000,0.959717,7.49542,0.964111,0.00378418,5.02661,5.02661
18,7.9931e-45,0.118289,5000,0.960876,7.53192,0.962769,0.00378418,4.99835,4.99835
19,1.22756e-44,0.115346,5000,0.96344,7.58832,0.963623,0.00537109,4.99347,4.99347
20,2.11158e-44,0.112617,5000,0.964111,7.64124,0.962891,0.00469971,5.00513,5.00513
21,3.58428e-44,0.110003,5000,0.967285,7.69781,0.965332,0.00524902,4.99677,4.99677
22,5.09864e-44,0.107738,5000,0.968872,7.76569,0.965149,0.0057373,4.99335,4.99335
23,4.24267e-40,0.10608,5000,0.965332,7.82062,0.962463,0.00585938,4.99146,4.99146
24,3.63016e-39,0.104258,5000,0.977661,7.84485,0.974182,0.0067749,4.99261,4.99261
25,9.77646e-39,0.103501,5000,0.978516,7.87842,0.975342,0.00714111,5.01923,5.01923
26,1.92632e-38,0.102806,5000,0.988403,7.90753,0.986145,0.00592041,5.00775,5.00775
27,3.37898e-38,0.102337,5000,0.998901,7.92426,0.994995,0.00714111,4.96265,4.96265
28,5.48871e-37,0.10205,5000,1.00775,7.96539,1.00433,0.00701904,4.96631,4.96631
29,4.37903e-36,0.101932,5000,1.01532,7.97784,1.01105,0.0067749,4.97485,4.97485
30,1.27185e-35,0.101564,5000,1.03058,7.99585,1.02673,0.00640869,4.98834,4.98834
31,3.67564e-35,0.101242,5000,1.047,8.01379,1.04309,0.0065918,5.00934,5.00934
32,1.18277e-34,0.100808,5000,1.06525,8.01624,1.0614,0.00665283,4.97235,4.97235
33,2.4411e-34,0.100629,5000,1.07941,8.03662,1.07538,0.00695801,4.97797,4.97797
34,5.13741e-34,0.100167,5000,1.09918,8.05103,1.09583,0.00671387,5.01904,5.01904
35,9.69035e-34,0.0995514,5000,1.12433,8.08405,1.12067,0.00665283,5.0014,5.0014
36,1.68272e-33,0.0988111,5000,1.15552,8.10059,1.151,0.00744629,4.98608,4.98608
37,4.90086e-33,0.0982723,5000,1.18176,8.12518,1.17615,0.00756836,4.98993,4.98993
38,2.58182e-32,0.0973115,5000,1.21924,8.12256,1.21509,0.00604248,4.99573,4.99573
39,4.92922e-32,0.0965692,5000,1.25787,8.12964,1.25238,0.00726318,5.00665,5.00665
40,1.02605e-31,0.0955934,5000,1.29944,8.12134,1.29395,0.00762939,5.00305,5.00305
41,1.71252e-31,0.0947083,5000,1.33478,8.15381,1.32922,0.00769043,4.97308,4.97308
42,2.49178e-31,0.0937163,5000,1.37451,8.19989,1.36993,0.0065918,5.01544,5.01544
43,3.58459e-31,0.0927976,5000,1.40802,8.23346,1.40259,0.00787354,4.98804,4.98804
44,5.34885e-31,0.0917428,5000,1.44391,8.30493,1.43811,0.00775146,4.98938,4.98938
45,9.0522e-31,0.0907188,5000,1.47638,8.3454,1.46973,0.00909424,5.00562,5.00562
46,1.56062e-30,0.0899105,5000,1.50531,8.41101,1.49786,0.00976562,5.00195,5.00195
47,2.98371e-30,0.0888415,5000,1.53516,8.46185,1.52734,0.00982666,4.98767,4.98767
48,7.18594e-30,0.0878498,5000,1.56525,8.48505,1.55713,0.0101929,4.99329,4.99329
49,1.31396e-29,0.086896,5000,1.591,8.53113,1.58374,0.00854492,5.01184,5.01184
50,2.63186e-29,0.0858631,5000,1.61969,8.57709,1.61292,0.00872803,5.00067,5.00067
51,4.09901e-29,0.085024,5000,1.64606,8.62665,1.63898,0.00854492,4.99811,4.99811
52,6.2942e-29,0.0841879,5000,1.67126,8.64929,1.66321,0.00946045,5.01282,5.01282
53,8.97773e-29,0.0832602,5000,1.69934,8.67035,1.69257,0.00860596,5.01453,5.01453
54,1.25023e-28,0.0820462,5000,1.73145,8.67194,1.72375,0.0090332,4.98578,4.98578
55,1.63535e-28,0.0812665,5000,1.75989,8.7077,1.75177,0.00915527,5.01123,5.01123
56,2.22692e-28,0.0803189,5000,1.78723,8.75201,1.77777,0.010437,5.00903,5.00903
57,3.04317e-28,0.0795974,5000,1.81152,8.77618,1.80188,0.010437,4.99347,4.99347
58,4.18064e-28,0.0788287,5000,1.836,8.81311,1.82715,0.0098877,5.00922,5.00922
59,6.12213e-28,0.0779307,5000,1.86102,8.8407,1.85321,0.00878906,5.00848,5.00848
60,8.34281e-28,0.0771926,5000,1.88379,8.87329,1.87476,0.0106201,4.97943,4.97943
61,1.13223e-27,0.0764411,5000,1.90631,8.90656,1.8974,0.00939941,4.98346,4.98346
62,1.12866e-26,0.07577,5000,1.92505,8.94794,1.91718,0.00848389,4.99963,4.99963
63,8.65218e-26,0.0750299,5000,1.953,8.97125,1.94354,0.010376,4.99097,4.99097
64,2.40058e-25,0.0744867,5000,1.96753,8.99158,1.95996,0.00878906,5.0108,5.0108
65,1.50416e-23,0.0737659,5000,1.98853,9.00031,1.98029,0.00933838,4.98822,4.98822
66,8.80067e-23,0.0732496,5000,2.00549,8.97668,1.99677,0.00982666,4.99689,4.99689
67,2.62564e-22,0.0726256,5000,2.01801,8.94934,2.00861,0.0103149,4.97876,4.97876
68,6.40533e-22,0.072034,5000,2.03149,8.93292,2.02228,0.010376,4.99957,4.99957
69,1.106e-21,0.0716837,5000,2.0423,8.88928,2.03278,0.0106812,4.97754,4.97754
70,1.77e-21,0.0709931,5000,2.05261,8.85254,2.04388,0.0101929,5.00049,5.00049
71,2.60613e-21,0.0708197,5000,2.0592,8.8457,2.04932,0.0115356,5.03735,5.03735
72,3.82133e-21,0.0700727,5000,2.07111,8.81525,2.06067,0.012085,4.99982,4.99982
73,5.15021e-21,0.0696356,5000,2.0802,8.81494,2.06879,0.0125732,5.0213,5.0213
74,7.13413e-21,0.069067,5000,2.09247,8.78564,2.08093,0.0126953,5.00751,5.00751
75,9.16443e-21,0.0685998,5000,2.10687,8.73761,2.09357,0.0145874,5.03784,5.03784
76,1.14501e-20,0.0680269,5000,2.11658,8.72278,2.10297,0.0147705,5.02612,5.02612
77,1.38535e-20,0.0675004,5000,2.12537,8.68933,2.11285,0.0139771,5.03088,5.03088
78,1.65518e-20,0.0668397,5000,2.13831,8.65845,2.12384,0.0153198,4.99005,4.99005
79,1.94818e-20,0.0663271,5000,2.14459,8.6239,2.12964,0.0161133,5.02045,5.02045
80,2.24441e-20,0.0659272,5000,2.15204,8.58337,2.13837,0.0149536,4.99255,4.99255
81,2.51685e-20,0.0652117,5000,2.16394,8.56097,2.14966,0.0155029,4.98633,4.98633
82,2.74659e-20,0.0650596,5000,2.16687,8.52649,2.15021,0.0175171,4.98859,4.98859
83,3.07111e-20,0.0642303,5000,2.18018,8.48016,2.16364,0.0171509,5.00525,5.00525
84,3.40279e-20,0.0638154,5000,2.19049,8.45087,2.17395,0.0171509,4.98785,4.98785
85,3.68109e-20,0.0630752,5000,2.20483,8.38849,2.18829,0.0172119,5.0224,5.0224
86,3.98617e-20,0.0627203,5000,2.21326,8.33716,2.19507,0.0187378,5.01532,5.01532
87,4.37649e-20,0.0621563,5000,2.22437,8.32147,2.2085,0.0172729,5.03009,5.03009
88,4.77592e-20,0.0614475,5000,2.24103,8.28735,2.22516,0.0167236,5.021,5.021
89,5.08828e-20,0.060897,5000,2.25659,8.30371,2.24219,0.015686,5.02087,5.02087
90,5.49978e-20,0.0603984,5000,2.27399,8.31317,2.25793,0.0167236,4.99664,4.99664
91,5.90263e-20,0.0601799,5000,2.28857,8.34778,2.27155,0.0177612,4.99487,4.99487
92,6.24382e-20,0.0597604,5000,2.30762,8.37201,2.28894,0.0197754,4.99103,4.99103
93,6.69796e-20,0.0593174,5000,2.32812,8.39874,2.30957,0.0194092,4.99902,4.99902
94,7.25305e-20,0.0584726,5000,2.35046,8.42517,2.33264,0.0186768,5,5
95,7.68355e-20,0.0577579,5000,2.37579,8.4613,2.3562,0.0206909,4.9729,4.9729
96,8.19406e-20,0.0576968,5000,2.38879,8.4859,2.37054,0.019043,5.00195,5.00195
97,8.72888e-20,0.057363,5000,2.40985,8.51947,2.39203,0.019043,4.9679,4.9679
98,9.34437e-20,0.056777,5000,2.43536,8.52954,2.41766,0.019165,4.96466,4.96466
99,9.92366e-20,0.0562189,5000,2.45544,8.59875,2.43817,0.0183716,5.04193,5.04193
100,1.06325e-19,0.055573,5000,2.48016,8.65253,2.4632,0.0178833,4.97827,4.97827
101,1.16771e-19,0.0551394,5000,2.50677,8.72131,2.48505,0.0223389,4.99292,4.99292
102,1.27225e-19,0.0549355,5000,2.52832,8.79108,2.50562,0.0233154,4.98242,4.98242
103,1.45071e-19,0.0542207,5000,2.55371,8.83167,2.53302,0.0216675,5.0329,5.0329
104,1.621e-19,0.0538397,5000,2.58282,8.88275,2.56189,0.0216675,5.01587,5.01587
105,1.9081e-19,0.053522,5000,2.61359,8.93262,2.58978,0.0245972,4.98389,4.98389
106,2.18804e-19,0.0529528,5000,2.64142,9.0036,2.61639,0.026062,4.99213,4.99213
107,3.08994e-19,0.052509,5000,2.67731,9.0639,2.64764,0.0303345,5.02502,5.02502
108,6.24132e-19,0.0521072,5000,2.71149,9.14258,2.67938,0.0332031,5.01996,5.01996
109,1.18722e-18,0.0515234,5000,2.74792,9.21082,2.71454,0.034729,4.96277,4.96277
110,2.01627e-18,0.0513432,5000,2.78192,9.29083,2.74524,0.0377197,4.99323,4.99323
111,3.17249e-18,0.0508848,5000,2.81403,9.35547,2.77527,0.0396118,5.00439,5.00439
112,4.5507e-18,0.0503823,5000,2.84375,9.42639,2.80316,0.041626,5.00189,5.00189
113,6.10032e-18,0.0499419,5000,2.87762,9.45959,2.83557,0.0432739,5.0036,5.0036
114,8.11227e-18,0.0493811,5000,2.90863,9.50049,2.86353,0.0466919,4.98566,4.98566
115,1.1942e-17,0.0492208,5000,2.93469,9.54871,2.88977,0.046814,5.02313,5.02313
116,1.8282e-17,0.0487397,5000,2.96356,9.62634,2.91846,0.0465088,4.98126,4.98126
117,3.55246e-17,0.0485619,5000,2.98804,9.70917,2.94238,0.0475464,5.0011,5.0011
118,5.18921e-17,0.0479209,5000,3.02295,9.75604,2.97644,0.0494995,5.0069,5.0069
119,7.66891e-17,0.0478396,5000,3.04193,9.78589,2.99445,0.0511475,4.99628,4.99628
120,1.2186e-16,0.0473412,5000,3.0647,9.80518,3.01672,0.0519409,4.97803,4.97803
121,1.71966e-16,0.0471624,5000,3.0824,9.82544,3.03705,0.0504761,5.01471,5.01471
122,3.0235e-16,0.0470102,5000,3.10083,9.90466,3.05194,0.0545654,4.98492,4.98492
123,7.19954e-16,0.0467106,5000,3.11731,9.97388,3.07025,0.0541992,5.00244,5.00244
124,1.53214e-15,0.0464681,5000,3.13416,9.99426,3.08771,0.0540161,4.9873,4.9873
125,3.04391e-15,0.0462907,5000,3.15125,10.0596,3.10638,0.0536499,4.99994,4.99994
126,4.73521e-15,0.0458856,5000,3.17133,10.0712,3.12909,0.052002,4.98602,4.98602
127,8.03841e-15,0.0460126,5000,3.17914,10.0987,3.13995,0.0491333,5.01526,5.01526
128,1.52373e-14,0.0456864,5000,3.20013,10.1381,3.16071,0.0498047,5.02478,5.02478
129,2.33815e-14,0.0454465,5000,3.21814,10.1744,3.1792,0.0501709,5.00146,5.00146
130,3.23491e-14,0.0451539,5000,3.23663,10.2115,3.19702,0.0516968,4.97198,4.97198
131,4.3448e-14,0.045081,5000,3.25543,10.2689,3.21466,0.0527954,5.03741,5.03741
132,5.74288e-14,0.0447919,5000,3.27094,10.3048,3.23132,0.0517578,4.97461,4.97461
133,7.58843e-14,0.0445509,5000,3.28888,10.3832,3.24738,0.0535278,4.96655,4.96655
134,9.64972e-14,0.0441879,5000,3.30597,10.4467,3.26312,0.0553589,5.00867,5.00867
135,1.15003e-13,0.0440294,5000,3.32208,10.488,3.28003,0.0551147,5.03601,5.03601
136,1.38607e-13,0.0439847,5000,3.33008,10.5701,3.28882,0.0547485,5.00018,5.00018
137,1.58546e-13,0.0433957,5000,3.3551,10.607,3.31421,0.0552979,4.99066,4.99066
138,1.82143e-13,0.0431571,5000,3.37207,10.6742,3.32947,0.0552368,4.98279,4.98279
139,2.02687e-13,0.0429788,5000,3.3844,10.7221,3.34448,0.0524902,5.00488,5.00488
140,2.33073e-13,0.0425896,5000,3.40222,10.7859,3.35925,0.0548096,4.96228,4.96228
141,2.62008e-13,0.0423611,5000,3.42261,10.8253,3.37952,0.0549927,4.98206,4.98206
142,2.85224e-13,0.0423811,5000,3.43292,10.899,3.38989,0.0546265,5.02057,5.02057
143,3.18093e-13,0.0419994,5000,3.45605,10.9388,3.40851,0.0578003,4.99042,4.99042
144,3.57344e-13,0.0417591,5000,3.47296,10.9615,3.42688,0.055603,4.98975,4.98975
145,3.90997e-13,0.0413766,5000,3.49768,11.0103,3.44867,0.0575562,4.9649,4.9649
146,4.27335e-13,0.0409969,5000,3.52289,11.0641,3.47052,0.0604248,5.01782,5.01782
147,4.61499e-13,0.0409451,5000,3.53729,11.1318,3.48358,0.0608521,5.02386,5.02386
148,5.0174e-13,0.0406826,5000,3.56555,11.1359,3.51221,0.0591431,4.97644,4.97644
149,5.4019e-13,0.0402278,5000,3.58624,11.1696,3.53223,0.0584106,4.96332,4.96332
150,5.70372e-13,0.0403184,5000,3.59979,11.175,3.54608,0.0566406,4.99884,4.99884
151,6.11268e-13,0.0395978,5000,3.62775,11.1677,3.57471,0.0551758,5.00348,5.00348
152,6.53335e-13,0.0394376,5000,3.65118,11.1647,3.59515,0.0587769,4.98901,4.98901
153,6.96718e-13,0.0391958,5000,3.66803,11.1661,3.61139,0.0588989,5.01721,5.01721
154,7.46458e-13,0.0388568,5000,3.69586,11.1842,3.64001,0.0583496,5.00256,5.00256
155,7.78964e-13,0.0385597,5000,3.71075,11.1987,3.65277,0.0606079,5.0213,5.0213
156,8.25611e-13,0.038272,5000,3.72961,11.2025,3.6748,0.057312,4.99414,4.99414
157,8.75884e-13,0.0378974,5000,3.74872,11.2264,3.69208,0.0595703,5.02045,5.02045
158,9.1484e-13,0.0377172,5000,3.76416,11.2462,3.70905,0.0576172,5.00488,5.00488
159,9.69445e-13,0.0372324,5000,3.78552,11.2654,3.73022,0.0582275,4.99359,4.99359
160,1.0162e-12,0.0368762,5000,3.8009,11.2722,3.74615,0.0574951,4.97729,4.97729
161,1.0665e-12,0.0366089,5000,3.81592,11.274,3.763,0.0559082,4.99316,4.99316
162,1.1137e-12,0.0362997,5000,3.83063,11.2769,3.7782,0.055542,4.98944,4.98944
163,1.16285e-12,0.0359388,5000,3.84497,11.2993,3.79199,0.0559082,4.93634,4.93634
164,1.22572e-12,0.0356491,5000,3.8631,11.2901,3.81091,0.0551147,5.00928,5.00928
165,1.27793e-12,0.0352595,5000,3.87799,11.288,3.82166,0.0592041,5.01868,5.01868
166,1.32142e-12,0.0349598,5000,3.89014,11.3073,3.83893,0.0527954,5.0061,5.0061
167,1.39454e-12,0.0343421,5000,3.90948,11.2909,3.8598,0.0510254,4.96399,4.96399
168,1.44663e-12,0.0343619,5000,3.9198,11.302,3.86548,0.0557251,5.01721,5.01721
169,1.51259e-12,0.0339036,5000,3.9339,11.3,3.8775,0.0576782,5.01227,5.01227
170,1.5798e-12,0.0337495,5000,3.93903,11.2815,3.88336,0.0567627,5.04572,5.04572
171,1.64891e-12,0.033547,5000,3.94562,11.2607,3.88715,0.0597534,4.98596,4.98596
172,1.7128e-12,0.0332098,5000,3.94653,11.2358,3.88965,0.0582886,5.01575,5.01575
173,1.74998e-12,0.0333374,5000,3.94208,11.2222,3.88348,0.0595093,4.99475,4.99475
174,1.82204e-12,0.0329865,5000,3.94592,11.211,3.8877,0.0591431,4.99432,4.99432
175,1.89582e-12,0.0330569,5000,3.94598,11.2111,3.88776,0.0591431,4.99335,4.99335
176,1.99191e-12,0.0329491,5000,3.94794,11.2143,3.89056,0.0582275,4.98163,4.98163
177,2.12942e-12,0.0331255,5000,3.94177,11.2209,3.88385,0.0588989,5.0097,5.0097
178,2.30126e-12,0.0328207,5000,3.94537,11.2151,3.89191,0.0549316,5.0094,5.0094
179,2.53118e-12,0.0326742,5000,3.94812,11.2154,3.89502,0.0541992,4.99469,4.99469
180,2.83125e-12,0.0326619,5000,3.94843,11.2394,3.89648,0.0532837,4.99365,4.99365
181,3.12526e-12,0.0326098,5000,3.95038,11.2277,3.89709,0.0541992,4.99896,4.99896
182,3.42427e-12,0.0325458,5000,3.95264,11.2173,3.89862,0.0547485,5.00909,5.00909
183,3.77166e-12,0.0328817,5000,3.94586,11.2181,3.88977,0.057251,5.04968,5.04968
184,4.16132e-12,0.03252,5000,3.95532,11.2405,3.90131,0.055603,4.95459,4.95459
185,4.62203e-12,0.0325246,5000,3.95959,11.2161,3.90466,0.0567017,4.99823,4.99823
186,5.13447e-12,0.0324341,5000,3.96039,11.1978,3.90552,0.0567627,5.01593,5.01593
187,5.44017e-12,0.032504,5000,3.96631,11.2059,3.90741,0.0606079,5.00677,5.00677
188,6.1191e-12,0.0325153,5000,3.96442,11.1976,3.9068,0.0595093,4.97821,4.97821
189,6.5274e-12,0.0322797,5000,3.96747,11.1458,3.91107,0.0581055,5.01276,5.01276
190,6.9188e-12,0.0324419,5000,3.96735,11.1383,3.90991,0.0596924,4.9917,4.9917
191,7.53602e-12,0.0322781,5000,3.96954,11.1109,3.9126,0.0601807,5.00665,5.00665
192,8.22446e-12,0.0320553,5000,3.96771,11.111,3.91498,0.0575562,4.99445,4.99445
193,8.65093e-12,0.032209,5000,3.96826,11.0499,3.91248,0.0611572,4.98535,4.98535
194,9.27702e-12,0.0321139,5000,3.96509,10.994,3.91077,0.0604858,5.01929,5.01929
195,9.97611e-12,0.0320184,5000,3.96454,10.9579,3.91101,0.0611572,4.99536,4.99536
196,1.05237e-11,0.0318994,5000,3.96613,10.9291,3.91425,0.0608521,5.00873,5.00873
197,1.12812e-11,0.0316552,5000,3.97021,10.9441,3.91742,0.0628662,4.99969,4.99969
198,1.16761e-11,0.0318349,5000,3.96637,10.9105,3.91168,0.065979,4.99762,4.99762
199,1.24411e-11,0.0318231,5000,3.96539,10.8821,3.9104,0.0669556,4.99585,4.99585
200,1.33619e-11,0.0316161,5000,3.97418,10.8547,3.91602,0.0704956,5.01239,5.01239
201,1.39441e-11,0.0316507,5000,3.97205,10.8594,3.91107,0.0757446,4.99261,4.99261
202,1.46562e-11,0.0316546,5000,3.97272,10.8579,3.91437,0.072937,4.99176,4.99176
203,1.55332e-11,0.0315119,5000,3.96832,10.8275,3.9129,0.0712891,4.97241,4.97241
204,1.65264e-11,0.0312079,5000,3.97272,10.8201,3.92084,0.0689697,4.99622,4.99622
205,1.73246e-11,0.0314359,5000,3.96759,10.8218,3.91638,0.0690918,5.00427,5.00427
206,1.80969e-11,0.0311765,5000,3.9729,10.8112,3.92426,0.0695801,5.01544,5.01544
207,1.89781e-11,0.0314298,5000,3.96808,10.8186,3.92517,0.0648193,5.00787,5.00787
208,2.01476e-11,0.0312846,5000,3.96808,10.856,3.9256,0.0666504,5.00037,5.00037
209,2.15826e-11,0.0309861,5000,3.98041,10.8419,3.93658,0.0689697,4.97064,4.97064
210,2.26866e-11,0.0310186,5000,3.97864,10.8791,3.93872,0.0673828,5.01556,5.01556
211,2.45954e-11,0.031051,5000,3.98187,10.8811,3.94202,0.069458,4.98761,4.98761
212,2.63531e-11,0.0309304,5000,3.98651,10.8903,3.95062,0.0689087,5.01459,5.01459
213,2.88502e-11,0.0307486,5000,3.99634,10.8837,3.96417,0.0698242,5.00385,5.00385
214,3.09327e-11,0.0306551,5000,4.00067,10.9179,3.9718,0.0706177,5.00464,5.00464
215,3.34826e-11,0.0304797,5000,4.0105,10.9286,3.98376,0.072937,4.97705,4.97705
216,3.58698e-11,0.0306061,5000,4.00781,10.9373,3.98676,0.0708618,5.01288,5.01288
217,3.90653e-11,0.0303375,5000,4.01752,10.907,3.9978,0.0744019,5.00549,5.00549
218,4.15549e-11,0.0304694,5000,4.02069,10.8784,4.00427,0.076355,5.01129,5.01129
219,4.57455e-11,0.0303452,5000,4.0224,10.8675,4.01801,0.0723877,5.00732,5.00732
220,4.85533e-11,0.0303421,5000,4.02521,10.8574,4.02698,0.0726318,5.03125,5.03125
221,5.29202e-11,0.0302485,5000,4.02856,10.8383,4.03778,0.0733032,5.01904,5.01904
222,5.67802e-11,0.0301733,5000,4.03381,10.8381,4.05054,0.0743408,4.97375,4.97375
223,6.10997e-11,0.0302573,5000,4.03619,10.8156,4.06128,0.0710449,5.00653,5.00653
224,6.35227e-11,0.0302851,5000,4.03961,10.8075,4.0719,0.0703735,5.01508,5.01508
225,6.87194e-11,0.0300236,5000,4.04272,10.8081,4.08557,0.0683594,4.95905,4.95905
226,7.30689e-11,0.0300851,5000,4.04651,10.7906,4.09784,0.0657349,4.99213,4.99213
227,7.83661e-11,0.0299488,5000,4.05182,10.7943,4.11169,0.0623169,4.99988,4.99988
228,8.2197e-11,0.029989,5000,4.05048,10.7527,4.12128,0.0595703,5.03687,5.03687
229,8.8367e-11,0.0298968,5000,4.0639,10.7352,4.14124,0.0593872,5.04498,5.04498
230,9.38207e-11,0.0298017,5000,4.06702,10.7061,4.15674,0.0564575,4.97516,4.97516
231,1.00996e-10,0.0296279,5000,4.07819,10.6687,4.17755,0.0563965,4.99536,4.99536
232,1.06751e-10,0.0296709,5000,4.0838,10.6702,4.19196,0.0549316,4.99994,4.99994
233,1.15563e-10,0.0291894,5000,4.10516,10.639,4.2251,0.0551758,5.01184,5.01184
234,1.19176e-10,0.0297041,5000,4.10291,10.6093,4.22784,0.0570068,4.98553,4.98553
235,1.23996e-10,0.0295992,5000,4.11639,10.5645,4.24872,0.0598145,4.98572,4.98572
236,1.34171e-10,0.0294082,5000,4.13098,10.5571,4.26764,0.0623779,5.00275,5.00275
237,1.3947e-10,0.0292695,5000,4.14795,10.5269,4.29211,0.0617065,5.01642,5.01642
238,1.45082e-10,0.0294066,5000,4.15717,10.5092,4.30573,0.0623779,5.03174,5.03174
239,1.53684e-10,0.0293717,5000,4.17468,10.4698,4.3313,0.0629883,4.97546,4.97546
240,1.60286e-10,0.029381,5000,4.18506,10.4747,4.34607,0.0649414,5.0036,5.0036
241,1.67003e-10,0.0293293,5000,4.20337,10.4573,4.37079,0.0643311,4.98413,4.98413
242,1.77738e-10,0.0288609,5000,4.2276,10.4592,4.4054,0.0635986,4.99402,4.99402
243,1.83225e-10,0.0289696,5000,4.24164,10.4362,4.42639,0.0611572,4.99646,4.99646
244,1.89642e-10,0.0291186,5000,4.25,10.4611,4.44067,0.0606689,5.00452,5.00452
245,1.96271e-10,0.0290273,5000,4.26343,10.4182,4.46423,0.0578613,5.02509,5.02509
246,2.02041e-10,0.0291456,5000,4.28204,10.4179,4.48181,0.0636597,5.02283,5.02283
247,2.08793e-10,0.0290181,5000,4.30219,10.3954,4.50446,0.0652466,5.02032,5.02032
248,2.19456e-10,0.0288914,5000,4.3244,10.3708,4.53162,0.0653687,5.02509,5.02509
249,2.24107e-10,0.0288146,5000,4.33923,10.3772,4.54938,0.0678101,5.01746,5.01746
250,2.32235e-10,0.0288866,5000,4.35529,10.3583,4.56848,0.0690308,5.01135,5.01135
251,2.37771e-10,0.028887,5000,4.37067,10.334,4.58453,0.0696411,5.01526,5.01526
252,2.4817e-10,0.0284938,5000,4.38525,10.3197,4.60541,0.0670166,4.98334,4.98334
253,2.55352e-10,0.0285975,5000,4.39777,10.3173,4.61914,0.0678711,5.01392,5.01392
254,2.60848e-10,0.0285878,5000,4.41382,10.2803,4.63562,0.0679932,4.99115,4.99115
255,2.72109e-10,0.0286757,5000,4.42566,10.2853,4.65149,0.0656128,5.00671,5.00671
256,2.82762e-10,0.0284684,5000,4.44104,10.2832,4.66949,0.06427,5.00836,5.00836
257,2.97697e-10,0.0285669,5000,4.45508,10.2606,4.67902,0.0674438,4.97845,4.97845
258,3.16106e-10,0.0284502,5000,4.47034,10.2285,4.69385,0.0661011,4.98004,4.98004
259,3.36179e-10,0.0284711,5000,4.4856,10.1973,4.71149,0.0609131,5.03143,5.03143
260,3.73021e-10,0.0282715,5000,4.50586,10.1556,4.7287,0.0663452,4.99756,4.99756
261,3.96355e-10,0.0283658,5000,4.51788,10.165,4.74072,0.0641479,4.99152,4.99152
262,4.26945e-10,0.028302,5000,4.5271,10.1484,4.75269,0.0613403,5.01819,5.01819
263,4.67976e-10,0.0281684,5000,4.54309,10.1172,4.7674,0.0608521,4.95532,4.95532
264,5.09749e-10,0.0281787,5000,4.56012,10.0874,4.78247,0.0598755,5.00482,5.00482
265,5.37775e-10,0.0283944,5000,4.57068,10.0621,4.78912,0.0593872,5.05658,5.05658
266,5.97051e-10,0.0282648,5000,4.58606,10.0274,4.80347,0.0584717,4.96814,4.96814
267,6.41162e-10,0.0280271,5000,4.60266,9.99835,4.82074,0.0567017,5.01038,5.01038
268,7.03064e-10,0.0277715,5000,4.60986,9.98907,4.828,0.0547485,4.99231,4.99231
269,7.52228e-10,0.0278547,5000,4.6239,9.99292,4.84033,0.0529175,5.00623,5.00623
270,8.10832e-10,0.0280947,5000,4.6413,9.99628,4.84991,0.05896,4.98315,4.98315
271,8.79409e-10,0.0280655,5000,4.65857,9.97699,4.86285,0.0602417,5.02216,5.02216
272,9.51306e-10,0.0278095,5000,4.67596,9.94489,4.87744,0.0593262,5.01001,5.01001
273,1.04687e-09,0.0276476,5000,4.69617,9.92969,4.89417,0.0616455,4.98407,4.98407
274,1.10248e-09,0.0275816,5000,4.71216,9.91815,4.9071,0.0618896,4.98767,4.98767
275,1.18475e-09,0.0275916,5000,4.72687,9.93634,4.91864,0.0648804,4.97949,4.97949
276,1.259e-09,0.0275599,5000,4.73792,9.95459,4.92914,0.0628662,4.96552,4.96552
277,1.331e-09,0.0276293,5000,4.74561,10.0002,4.93604,0.0606079,4.94592,4.94592
278,1.40597e-09,0.0277638,5000,4.7547,10.0018,4.94763,0.0592651,5.01727,5.01727
279,1.52558e-09,0.0273355,5000,4.77118,10.0446,4.97101,0.0552979,4.987,4.987
280,1.58646e-09,0.0272924,5000,4.78809,10.0802,4.98669,0.057251,5.02429,5.02429
281,1.6873e-09,0.0271918,5000,4.79602,10.1215,4.99969,0.0563354,5.03088,5.03088
282,1.7861e-09,0.0271435,5000,4.80579,10.1697,5.01404,0.0554199,5.00122,5.00122
283,1.87124e-09,0.0271749,5000,4.81342,10.1925,5.02203,0.0567017,5.00909,5.00909
284,1.98759e-09,0.027049,5000,4.83032,10.1823,5.04083,0.0567017,4.98407,4.98407
285,2.08526e-09,0.0271196,5000,4.83337,10.1906,5.05133,0.055481,4.99561,4.99561
286,2.1965e-09,0.0270049,5000,4.84772,10.2075,5.0694,0.0556641,5.01447,5.01447
287,2.29619e-09,0.0270941,5000,4.85217,10.2302,5.07861,0.0543213,5.00708,5.00708
288,2.41492e-09,0.0269491,5000,4.86206,10.2141,5.09155,0.0530396,4.99292,4.99292
289,2.52625e-09,0.0268685,5000,4.87555,10.2302,5.10498,0.0543213,5.01074,5.01074
290,2.65388e-09,0.0267106,5000,4.8877,10.246,5.12207,0.0529785,4.98627,4.98627
291,2.79502e-09,0.0266923,5000,4.89258,10.2671,5.1333,0.0499268,4.97626,4.97626
292,2.87761e-09,0.0267214,5000,4.89832,10.269,5.14526,0.0501099,5.01648,5.01648
293,3.00687e-09,0.0264751,5000,4.91034,10.276,5.15997,0.0498657,5.00055,5.00055
294,3.10478e-09,0.0265205,5000,4.90515,10.3131,5.16052,0.0476074,5.01276,5.01276
295,3.2044e-09,0.0265461,5000,4.91095,10.3495,5.17218,0.0455322,4.98602,4.98602
296,3.32639e-09,0.026457,5000,4.91486,10.3713,5.18439,0.0423584,4.97522,4.97522
297,3.39673e-09,0.0267001,5000,4.91302,10.3945,5.18567,0.0432739,5.01953,5.01953
298,3.55032e-09,0.0264959,5000,4.92242,10.3929,5.20056,0.0427856,5.039,5.039
299,3.637e-09,0.0264488,5000,4.92389,10.415,5.20715,0.0426025,4.99182,4.99182
300,3.77731e-09,0.0264189,5000,4.9165,10.4182,5.20734,0.0421143,5.00635,5.00635
301,3.88536e-09,0.0264093,5000,4.91101,10.4006,5.21179,0.0396729,5.0011,5.0011
302,3.95687e-09,0.0263176,5000,4.9173,10.3772,5.22345,0.0424805,5.02515,5.02515
303,4.08636e-09,0.0263684,5000,4.91254,10.4018,5.21942,0.0449829,5.00165,5.00165
304,4.19714e-09,0.0262651,5000,4.91632,10.4127,5.23273,0.0444946,5.00793,5.00793
305,4.32764e-09,0.0262749,5000,4.91626,10.4528,5.23999,0.0443115,5.02338,5.02338
306,4.4599e-09,0.0262332,5000,4.91925,10.4496,5.24799,0.0465698,5.03912,5.03912
307,4.59972e-09,0.0261288,5000,4.91248,10.4683,5.25092,0.0444946,5.01178,5.01178
308,4.65413e-09,0.026326,5000,4.9082,10.5167,5.25122,0.0481567,5.02356,5.02356
309,4.78174e-09,0.0263757,5000,4.909,10.493,5.25824,0.0477905,4.98724,4.98724
310,4.91222e-09,0.0261084,5000,4.90942,10.4949,5.26654,0.0474854,5.01392,5.01392
311,5.0471e-09,0.0259724,5000,4.90668,10.4888,5.27173,0.0463867,4.99976,4.99976
312,5.13534e-09,0.0260965,5000,4.90332,10.5029,5.27747,0.045166,4.99994,4.99994
313,5.19173e-09,0.0263188,5000,4.89679,10.4986,5.27209,0.0488281,5.01904,5.01904
314,5.38551e-09,0.0258964,5000,4.9021,10.4666,5.28223,0.052063,4.98163,4.98163
315,5.42564e-09,0.0261377,5000,4.89624,10.4452,5.28253,0.0532227,5.00171,5.00171
316,5.53929e-09,0.0260144,5000,4.8996,10.4446,5.29407,0.0509644,4.99463,4.99463
317,5.7468e-09,0.0258151,5000,4.89551,10.4634,5.29895,0.0511475,5.00537,5.00537
318,5.83903e-09,0.0258423,5000,4.89081,10.447,5.297,0.0508423,4.97253,4.97253
319,5.92787e-09,0.0258947,5000,4.89862,10.4346,5.30725,0.0533447,5.01422,5.01422
320,6.00172e-09,0.0260644,5000,4.88855,10.4574,5.30304,0.0514526,5.01532,5.01532
321,6.15927e-09,0.0257807,5000,4.89227,10.4844,5.30652,0.0513916,4.98871,4.98871
322,6.19989e-09,0.0259718,5000,4.88812,10.493,5.30762,0.0505981,5.01465,5.01465
323,6.32458e-09,0.0258121,5000,4.89081,10.4836,5.31396,0.0523682,4.99695,4.99695
324,6.45339e-09,0.0259548,5000,4.89062,10.4865,5.31592,0.055481,5.00519,5.00519
325,6.56955e-09,0.0258449,5000,4.89557,10.4462,5.32635,0.0557251,5.01648,5.01648
326,6.70859e-09,0.0256768,5000,4.89642,10.4314,5.33118,0.0584106,4.99445,4.99445
327,6.77763e-09,0.0258117,5000,4.896,10.4202,5.33392,0.0584717,4.9801,4.9801
328,6.88816e-09,0.0256152,5000,4.89221,10.4508,5.33844,0.0565186,4.98645,4.98645
329,6.90186e-09,0.0258745,5000,4.89392,10.4824,5.34119,0.0593872,4.9928,4.9928
330,7.11682e-09,0.0256022,5000,4.89313,10.5112,5.34515,0.059021,5.00079,5.00079
331,7.22778e-09,0.0257885,5000,4.89307,10.506,5.35303,0.0603027,5.02856,5.02856
332,7.30702e-09,0.0257356,5000,4.89734,10.5207,5.36359,0.0625,5.02661,5.02661
333,7.41939e-09,0.0258253,5000,4.90198,10.5237,5.36554,0.0662231,4.97949,4.97949
334,7.52791e-09,0.0256978,5000,4.90332,10.5358,5.36945,0.0654907,5.01007,5.01007
335,7.67476e-09,0.0256516,5000,4.90479,10.5425,5.37909,0.067627,4.99182,4.99182
336,7.84615e-09,0.0255834,5000,4.90778,10.5412,5.38538,0.0692749,4.99255,4.99255
337,7.90052e-09,0.025735,5000,4.90277,10.5594,5.38129,0.072998,4.98279,4.98279
338,8.00253e-09,0.0257585,5000,4.9021,10.5344,5.39062,0.0725708,4.98999,4.98999
339,8.14587e-09,0.0256887,5000,4.91547,10.5319,5.41071,0.0751953,5.00208,5.00208
340,8.34963e-09,0.0256221,5000,4.91449,10.5234,5.41321,0.0796509,4.98651,4.98651
341,8.29812e-09,0.0257858,5000,4.91718,10.4934,5.41571,0.0862427,5.01825,5.01825
342,8.55259e-09,0.0256373,5000,4.91492,10.5062,5.42871,0.0795288,4.98438,4.98438
343,8.61623e-09,0.0256185,5000,4.91577,10.4547,5.43506,0.0828247,4.9812,4.9812
344,8.72178e-09,0.025681,5000,4.91907,10.4362,5.44,0.0864258,4.99335,4.99335
345,8.91863e-09,0.025486,5000,4.92743,10.4164,5.4563,0.0888062,5.00653,5.00653
346,8.91821e-09,0.0256661,5000,4.9256,10.4122,5.45874,0.0917358,4.99219,4.99219
347,9.05916e-09,0.025538,5000,4.92212,10.3879,5.46649,0.0871582,4.97961,4.97961
348,9.12512e-09,0.0255924,5000,4.91803,10.3524,5.46973,0.0863647,4.98199,4.98199
349,9.29257e-09,0.0255338,5000,4.92407,10.3361,5.48285,0.086731,5.00793,5.00793
350,9.46461e-09,0.025422,5000,4.92413,10.3401,5.49091,0.0863037,4.98212,4.98212
351,9.47838e-09,0.0255991,5000,4.92505,10.319,5.49829,0.0859985,4.97137,4.97137
352,9.48518e-09,0.0256619,5000,4.92474,10.2873,5.50311,0.0877075,5.01794,5.01794
353,9.66662e-09,0.0253832,5000,4.93335,10.2692,5.52094,0.0881348,4.98346,4.98346
354,9.67603e-09,0.025523,5000,4.9317,10.3208,5.52228,0.0938721,5.01862,5.01862
355,9.87237e-09,0.025514,5000,4.9317,10.3055,5.5293,0.0890503,4.98969,4.98969
356,1.00105e-08,0.0253995,5000,4.93707,10.2646,5.54034,0.0917358,5.008,5.008
357,1.00991e-08,0.0252797,5000,4.93683,10.2731,5.54773,0.0892334,4.99554,4.99554
358,1.02544e-08,0.0254913,5000,4.92865,10.2784,5.54572,0.0859985,4.96735,4.96735
359,1.03265e-08,0.0253724,5000,4.93097,10.2585,5.55566,0.0866699,4.99878,4.99878
360,1.03532e-08,0.0254672,5000,4.92926,10.2606,5.55975,0.0859375,5.00995,5.00995
361,1.05968e-08,0.0252021,5000,4.93463,10.261,5.56989,0.083313,4.99768,4.99768
362,1.06849e-08,0.0253057,5000,4.935,10.2135,5.57428,0.0844727,4.9892,4.9892
363,1.07506e-08,0.0252689,5000,4.93591,10.1761,5.58008,0.0894165,5.00159,5.00159
364,1.09314e-08,0.0251516,5000,4.93658,10.1643,5.59271,0.0869141,5.00085,5.00085
365,1.08685e-08,0.0254126,5000,4.93152,10.1423,5.59393,0.0852661,5.00629,5.00629
366,1.10286e-08,0.0254067,5000,4.93329,10.1222,5.60278,0.0878296,4.97986,4.97986
367,1.1143e-08,0.0254048,5000,4.93488,10.0859,5.61169,0.0870361,4.99915,4.99915
368,1.12076e-08,0.0254055,5000,4.93201,10.0893,5.62061,0.0844116,5.01086,5.01086
369,1.13564e-08,0.0252582,5000,4.93555,10.1047,5.63251,0.0863037,4.97217,4.97217
370,1.14356e-08,0.0253416,5000,4.93781,10.1009,5.64709,0.0808105,5.02423,5.02423
371,1.15103e-08,0.0254277,5000,4.92975,10.0822,5.64844,0.081543,4.99866,4.99866
372,1.16982e-08,0.0251721,5000,4.93756,10.0988,5.66705,0.0814209,4.99799,4.99799
373,1.17674e-08,0.02527,5000,4.93433,10.1003,5.66998,0.0824585,4.97845,4.97845
374,1.19551e-08,0.0251411,5000,4.93781,10.1116,5.6853,0.0828247,4.98584,4.98584
375,1.19388e-08,0.02533,5000,4.93658,10.0865,5.68213,0.0841675,5.03949,5.03949
376,1.21099e-08,0.0252365,5000,4.94196,10.1472,5.69342,0.0859985,5.00665,5.00665
377,1.22147e-08,0.0252203,5000,4.94482,10.1392,5.70276,0.0864868,4.99786,4.99786
378,1.21683e-08,0.0254122,5000,4.94257,10.1532,5.70514,0.0863647,5.04675,5.04675
379,1.23899e-08,0.0252549,5000,4.95154,10.1483,5.71521,0.0887451,4.98669,4.98669
380,1.24886e-08,0.0252851,5000,4.95209,10.1622,5.72272,0.0838013,4.98071,4.98071
381,1.25215e-08,0.0253461,5000,4.95038,10.1717,5.72302,0.0852661,5.013,5.013
382,1.25022e-08,0.0251531,5000,4.95355,10.1808,5.73523,0.0823364,5.00159,5.00159
383,1.25586e-08,0.0253675,5000,4.95355,10.1948,5.73297,0.0859375,5.02502,5.02502
384,1.27354e-08,0.0252223,5000,4.96014,10.213,5.74475,0.0824585,5.01447,5.01447
385,1.26988e-08,0.0253197,5000,4.95581,10.2484,5.73871,0.0822144,4.99994,4.99994
386,1.27675e-08,0.0253805,5000,4.95551,10.2651,5.74048,0.085083,4.98785,4.98785
387,1.2966e-08,0.0251394,5000,4.96252,10.2327,5.75616,0.0806885,4.97949,4.97949
388,1.30113e-08,0.0252926,5000,4.96002,10.283,5.75476,0.083252,4.97699,4.97699
389,1.30523e-08,0.0253113,5000,4.96356,10.2806,5.76465,0.0786133,5.02155,5.02155
390,1.32179e-08,0.0252536,5000,4.97034,10.2673,5.76782,0.0819092,4.97241,4.97241
391,1.31007e-08,0.0255555,5000,4.9682,10.2769,5.77295,0.0793457,5.01324,5.01324
392,1.3296e-08,0.0253199,5000,4.97302,10.2767,5.77856,0.0780029,4.98108,4.98108
393,1.33276e-08,0.0252191,5000,4.97894,10.2842,5.79181,0.0734863,5.02954,5.02954
394,1.35639e-08,0.0251058,5000,4.98383,10.3041,5.80176,0.0719604,4.98578,4.98578
395,1.36382e-08,0.0250543,5000,4.99109,10.3171,5.80762,0.0730591,4.98492,4.98492
396,1.36528e-08,0.0251779,5000,4.9906,10.3507,5.80579,0.0737915,5.03259,5.03259
397,1.35971e-08,0.0252262,5000,4.9834,10.3811,5.79834,0.0742188,5.01892,5.01892
398,1.37752e-08,0.0250227,5000,4.99939,10.403,5.81818,0.0751343,5.01593,5.01593
399,1.37863e-08,0.0252068,5000,4.99561,10.3939,5.8136,0.0718384,5.00311,5.00311
400,1.3894e-08,0.0252062,5000,4.99695,10.3667,5.81409,0.0697632,4.97736,4.97736
401,1.39448e-08,0.0251501,5000,4.99829,10.4055,5.81433,0.0703735,4.97345,4.97345
402,1.40464e-08,0.0250579,5000,5.00635,10.3942,5.82153,0.0724487,5.01379,5.01379
403,1.41273e-08,0.0251075,5000,5.00458,10.3856,5.82373,0.0685425,4.9613,4.9613
404,1.41346e-08,0.0250537,5000,4.99493,10.3838,5.81409,0.0649414,4.98938,4.98938
405,1.41454e-08,0.0251572,5000,5.00189,10.4097,5.82306,0.0650635,4.99072,4.99072
406,1.41458e-08,0.0252134,5000,5.00232,10.4047,5.82251,0.067627,4.98169,4.98169
407,1.42827e-08,0.0251464,5000,5.01031,10.4061,5.82678,0.067688,5.00256,5.00256
408,1.41848e-08,0.0252196,5000,5.00824,10.4579,5.83014,0.0644531,5.03223,5.03223
409,1.44615e-08,0.0251708,5000,5.01892,10.4868,5.83405,0.0664673,5.01276,5.01276
410,1.44271e-08,0.0251341,5000,5.02045,10.5115,5.83722,0.0648193,4.99554,4.99554
411,1.44924e-08,0.0250206,5000,5.02649,10.5179,5.8432,0.0631104,4.9646,4.9646
412,1.46095e-08,0.025062,5000,5.02496,10.5404,5.83923,0.0613403,5.02173,5.02173
413,1.45651e-08,0.0250798,5000,5.03253,10.5806,5.84528,0.0597534,4.99646,4.99646
414,1.46073e-08,0.0251209,5000,5.0282,10.6143,5.83844,0.06073,5.01813,5.01813
415,1.46715e-08,0.0251016,5000,5.04132,10.5999,5.84845,0.0614624,5.03418,5.03418
416,1.47966e-08,0.0250661,5000,5.0379,10.6085,5.84094,0.062439,4.98737,4.98737
417,1.47349e-08,0.0252219,5000,5.04468,10.6009,5.84247,0.062439,5.02039,5.02039
418,1.49126e-08,0.0253023,5000,5.04242,10.6284,5.83246,0.0628662,4.99591,4.99591
419,1.50933e-08,0.0250024,5000,5.06049,10.5941,5.84552,0.0636597,5.02185,5.02185
420,1.50714e-08,0.0250865,5000,5.06165,10.5905,5.84784,0.0617676,4.98651,4.98651
421,1.50092e-08,0.025266,5000,5.06183,10.6155,5.83893,0.0634766,5.01575,5.01575
422,1.5143e-08,0.0250344,5000,5.06958,10.6064,5.84607,0.0625,4.98157,4.98157
423,1.5383e-08,0.0248414,5000,5.07306,10.627,5.84619,0.0609741,4.98645,4.98645
424,1.53566e-08,0.0253428,5000,5.07019,10.6319,5.83612,0.0626221,5.00281,5.00281
425,1.55199e-08,0.0249056,5000,5.07495,10.6512,5.83624,0.0617676,5.00177,5.00177
426,1.54487e-08,0.0249966,5000,5.07721,10.6868,5.83478,0.0601196,4.99854,4.99854
427,1.56139e-08,0.0249851,5000,5.08636,10.7278,5.83575,0.06073,5.01788,5.01788
428,1.58374e-08,0.0249033,5000,5.09662,10.6996,5.83698,0.0609131,4.99451,4.99451
429,1.58937e-08,0.0249149,5000,5.10394,10.7109,5.83856,0.0606689,4.97418,4.97418
430,1.5795e-08,0.0251431,5000,5.09851,10.7451,5.82373,0.0627441,4.99609,4.99609
431,1.58701e-08,0.0251236,5000,5.10815,10.7422,5.82959,0.0651855,5.02435,5.02435
432,1.60821e-08,0.0248292,5000,5.11591,10.7618,5.83118,0.0692749,4.99677,4.99677
433,1.61395e-08,0.024898,5000,5.1239,10.7631,5.82977,0.0710449,4.98212,4.98212
434,1.61793e-08,0.0249447,5000,5.1311,10.7907,5.83197,0.0738525,5.01392,5.01392
435,1.60207e-08,0.0250698,5000,5.13409,10.81,5.82275,0.0786133,4.9837,4.9837
436,1.62789e-08,0.0250898,5000,5.14233,10.7999,5.82391,0.0778809,5.008,5.008
437,1.64929e-08,0.0250724,5000,5.15375,10.8221,5.82849,0.076416,5.0199,5.0199
438,1.66629e-08,0.0249767,5000,5.16309,10.8309,5.82947,0.0769653,5.00995,5.00995
439,1.67696e-08,0.0249972,5000,5.16907,10.8564,5.82867,0.0766602,4.98071,4.98071
440,1.69315e-08,0.0250068,5000,5.17413,10.8463,5.82782,0.0771484,4.99792,4.99792
441,1.69481e-08,0.0248341,5000,5.17688,10.8294,5.82214,0.0794067,4.98718,4.98718
442,1.69649e-08,0.0248215,5000,5.18719,10.8401,5.82428,0.0827026,4.9801,4.9801
443,1.72016e-08,0.02482,5000,5.19482,10.8991,5.82141,0.0834961,4.99585,4.99585
444,1.73138e-08,0.024941,5000,5.19977,10.9183,5.81873,0.0836792,5.0191,5.0191
445,1.7346e-08,0.0249481,5000,5.20496,10.9481,5.81177,0.0828857,4.97156,4.97156
446,1.75622e-08,0.0247705,5000,5.21497,11.0163,5.81866,0.0796509,4.99994,4.99994
447,1.76631e-08,0.0248103,5000,5.22382,11.0059,5.8158,0.0801392,4.98761,4.98761
448,1.77545e-08,0.0249544,5000,5.23474,11.0057,5.82123,0.0805664,5.01093,5.01093
449,1.80467e-08,0.024554,5000,5.24677,10.9882,5.82806,0.0799561,4.97467,4.97467
450,1.81225e-08,0.0248233,5000,5.24677,10.9655,5.81781,0.0806885,5.01166,5.01166
451,1.82989e-08,0.0248048,5000,5.25513,10.9677,5.81793,0.0762329,4.9917,4.9917
452,1.81552e-08,0.0249239,5000,5.26196,10.9749,5.81555,0.0778809,5.0022,5.0022
453,1.85989e-08,0.0245214,5000,5.28284,10.9797,5.82782,0.079895,4.99799,4.99799
454,1.86879e-08,0.02471,5000,5.2887,11.0078,5.81726,0.0853271,5.00787,5.00787
455,1.86315e-08,0.0247276,5000,5.29297,11.041,5.81726,0.0794678,5.01379,5.01379
456,1.8915e-08,0.0246456,5000,5.30878,11.0623,5.82123,0.081604,4.9762,4.9762
457,1.90489e-08,0.0246804,5000,5.32544,11.0971,5.82776,0.0822144,4.97833,4.97833
458,1.91882e-08,0.0246439,5000,5.33643,11.0864,5.82672,0.0838623,5.00256,5.00256
459,1.91333e-08,0.0247419,5000,5.34192,11.0907,5.82141,0.0841064,4.96997,4.96997
460,1.93727e-08,0.0246242,5000,5.34686,11.124,5.81812,0.0824585,4.99792,4.99792
461,1.95767e-08,0.0246206,5000,5.35785,11.149,5.82062,0.0835571,4.99097,4.99097
462,1.94855e-08,0.0246562,5000,5.36688,11.1428,5.81927,0.0861206,4.99841,4.99841
463,1.98145e-08,0.0247238,5000,5.37805,11.1593,5.82428,0.086731,4.99127,4.99127
464,2.00112e-08,0.0243702,5000,5.39502,11.1598,5.83124,0.0870361,4.99365,4.99365
465,2.00323e-08,0.0247551,5000,5.39575,11.2,5.82196,0.0847778,4.99762,4.99762
466,2.01309e-08,0.0246202,5000,5.41455,11.1929,5.82782,0.0892334,5.00519,5.00519
467,2.02131e-08,0.0245733,5000,5.42096,11.2027,5.82391,0.0872803,5.00366,5.00366
468,2.06174e-08,0.0244947,5000,5.42944,11.2202,5.82751,0.0843506,4.99762,4.99762
469,2.07862e-08,0.0246165,5000,5.43854,11.2485,5.82281,0.0848389,4.99561,4.99561
470,2.10156e-08,0.0242913,5000,5.453,11.2879,5.82727,0.0845947,4.95483,4.95483
471,2.10072e-08,0.0246325,5000,5.45392,11.2795,5.8172,0.0838013,5.03943,5.03943
472,2.12559e-08,0.0246367,5000,5.46967,11.2664,5.82007,0.0845947,4.98621,4.98621
473,2.13563e-08,0.0243946,5000,5.4801,11.2787,5.81897,0.0876465,4.99109,4.99109
474,2.14166e-08,0.0246157,5000,5.48621,11.2814,5.81293,0.0883179,5.01794,5.01794
475,2.16089e-08,0.0245012,5000,5.4906,11.2708,5.80737,0.0870361,4.98645,4.98645
476,2.18298e-08,0.0244039,5000,5.50641,11.2542,5.8147,0.0862427,4.98035,4.98035
477,2.18663e-08,0.0246071,5000,5.51062,11.2711,5.80597,0.0828247,5.01593,5.01593
478,2.21175e-08,0.0244775,5000,5.52777,11.2525,5.81433,0.0822144,4.99139,4.99139
479,2.24775e-08,0.0242266,5000,5.5412,11.2177,5.81879,0.0808716,4.97565,4.97565
480,2.25145e-08,0.0243662,5000,5.5437,11.21,5.81512,0.0785522,4.99365,4.99365
481,2.24937e-08,0.0243443,5000,5.55615,11.1694,5.80927,0.0813599,5.00916,5.00916
482,2.27151e-08,0.0243054,5000,5.56238,11.1483,5.80939,0.0755005,4.99432,4.99432
483,2.31062e-08,0.0244404,5000,5.56921,11.1009,5.80676,0.0731812,4.97601,4.97601
484,2.29491e-08,0.0245623,5000,5.58032,11.0947,5.80829,0.0687866,5.04419,5.04419
485,2.34142e-08,0.0243484,5000,5.5899,11.0473,5.8056,0.0670776,4.95959,4.95959
486,2.34517e-08,0.0243286,5000,5.5976,11.0298,5.8017,0.0678101,4.98981,4.98981
487,2.36133e-08,0.024356,5000,5.6084,11.031,5.79761,0.0685425,5.0155,5.0155
488,2.3976e-08,0.0243678,5000,5.61676,11.0198,5.79779,0.0651245,5.00714,5.00714
489,2.41312e-08,0.0244689,5000,5.62677,10.965,5.79681,0.0667114,5.01971,5.01971
490,2.4529e-08,0.0243293,5000,5.64026,10.971,5.80493,0.0650024,4.98627,4.98627
491,2.48899e-08,0.0243826,5000,5.6543,10.983,5.80835,0.0640869,5,5
492,2.51279e-08,0.024377,5000,5.65717,11.0018,5.79974,0.0627441,4.9693,4.9693
493,2.56806e-08,0.0240464,5000,5.68042,10.9764,5.81207,0.0650635,4.9975,4.9975
494,2.57369e-08,0.02419,5000,5.6767,11.0212,5.8053,0.0614624,5.01025,5.01025
495,2.60692e-08,0.0241635,5000,5.6886,10.998,5.80646,0.0617676,4.99603,4.99603
496,2.61514e-08,0.0242379,5000,5.68878,10.9642,5.79999,0.0608521,4.98596,4.98596
497,2.67454e-08,0.024214,5000,5.69983,10.9324,5.80597,0.0582275,4.98212,4.98212
498,2.703e-08,0.0240951,5000,5.70905,10.9283,5.80585,0.0613403,4.98987,4.98987
499,2.75778e-08,0.0241461,5000,5.72021,10.9278,5.80768,0.0621338,4.96704,4.96704
500,2.84212e-08,0.0240451,5000,5.73541,10.9174,5.81561,0.0620728,4.99005,4.99005
501,2.89749e-08,0.0241754,5000,5.74805,10.8881,5.82123,0.0623779,4.98676,4.98676
502,2.91841e-08,0.0241201,5000,5.75342,10.8917,5.82013,0.0622559,5.0108,5.0108
503,3.00158e-08,0.0239739,5000,5.76538,10.8911,5.82733,0.062439,5.02698,5.02698
504,3.05331e-08,0.0240554,5000,5.77356,10.8818,5.82477,0.0670166,5.00458,5.00458
505,3.09519e-08,0.0241242,5000,5.78278,10.8647,5.83063,0.0631714,5.01404,5.01404
506,3.19535e-08,0.0240778,5000,5.79053,10.8718,5.83057,0.064209,4.9978,4.9978
507,3.3005e-08,0.0239252,5000,5.81433,10.873,5.84991,0.0656738,5.0097,5.0097
508,3.36968e-08,0.0238181,5000,5.82465,10.8533,5.85303,0.0667114,4.96185,4.96185
509,3.4415e-08,0.0238796,5000,5.83673,10.8972,5.85834,0.0654907,5.00537,5.00537
510,3.5843e-08,0.0237265,5000,5.85669,10.91,5.86731,0.0692139,4.97772,4.97772
511,3.61346e-08,0.0240549,5000,5.85992,10.8885,5.86493,0.0688477,5.00885,5.00885
512,3.77383e-08,0.0239707,5000,5.87048,10.8978,5.87543,0.0648804,4.99146,4.99146
513,3.87028e-08,0.0239853,5000,5.88342,10.9394,5.8822,0.064209,5.02655,5.02655
514,4.05578e-08,0.0238444,5000,5.89081,10.9245,5.88617,0.0648193,5.01184,5.01184
515,4.30144e-08,0.0238128,5000,5.90332,10.8941,5.89313,0.0658569,4.9679,4.9679
516,4.34311e-08,0.0240089,5000,5.91699,10.9186,5.90015,0.069458,5.03082,5.03082
517,4.53939e-08,0.0238137,5000,5.92993,10.9664,5.90955,0.0672607,4.99957,4.99957
518,4.54853e-08,0.0243402,5000,5.92651,11.0006,5.90314,0.0691528,5.02124,5.02124
519,4.8654e-08,0.0238813,5000,5.94543,10.9929,5.91919,0.0691528,5.0199,5.0199
520,5.05888e-08,0.0239776,5000,5.95593,11.0409,5.92786,0.0667114,5.01691,5.01691
521,5.22495e-08,0.0240906,5000,5.95569,11.0932,5.92529,0.0654297,4.99664,4.99664
522,5.42316e-08,0.0238696,5000,5.97369,11.0858,5.93958,0.0667725,5.02838,5.02838
523,5.59722e-08,0.0237016,5000,5.98035,11.0792,5.9436,0.0663452,5.00806,5.00806
524,5.8366e-08,0.023672,5000,5.99512,11.1135,5.95538,0.0688477,4.99524,4.99524
525,6.04277e-08,0.023872,5000,5.9967,11.1382,5.95923,0.0651855,5.00867,5.00867
526,6.266e-08,0.0239446,5000,6.00708,11.2088,5.96606,0.0662231,5.01068,5.01068
527,6.56747e-08,0.0236003,5000,6.0271,11.2433,5.9856,0.0641479,5.00513,5.00513
528,6.78987e-08,0.0235012,5000,6.0365,11.2692,5.99744,0.0601807,4.99567,4.99567
529,7.0813e-08,0.023843,5000,6.04095,11.2625,6.00024,0.0609741,5.02563,5.02563
530,7.32526e-08,0.0235219,5000,6.06226,11.3143,6.02228,0.0592651,4.97131,4.97131
531,7.44989e-08,0.023623,5000,6.07111,11.3328,6.0285,0.0595703,4.99182,4.99182
532,7.79424e-08,0.023751,5000,6.08472,11.3548,6.04333,0.0576172,4.99908,4.99908
533,8.14878e-08,0.0233803,5000,6.09454,11.3973,6.05042,0.0599365,5.02026,5.02026
534,8.49662e-08,0.0234954,5000,6.10718,11.4421,6.06641,0.0562744,5.00098,5.00098
535,8.88686e-08,0.0234302,5000,6.12366,11.4361,6.08289,0.0571899,5.00873,5.00873
536,9.28996e-08,0.0234499,5000,6.13495,11.5248,6.0943,0.0582275,5.01471,5.01471
537,9.49553e-08,0.0234284,5000,6.15698,11.5452,6.11804,0.057251,5.00769,5.00769
538,9.74196e-08,0.0233413,5000,6.17456,11.5876,6.13275,0.0602417,4.99921,4.99921
539,1.01686e-07,0.0233957,5000,6.19067,11.6315,6.14844,0.0610962,5.00964,5.00964
540,1.06309e-07,0.0234925,5000,6.19421,11.6463,6.14948,0.0651245,5.02478,5.02478
541,1.10819e-07,0.0232753,5000,6.22137,11.6841,6.17963,0.0633545,4.98395,4.98395
542,1.14964e-07,0.0235581,5000,6.2384,11.6943,6.19318,0.0665283,4.98993,4.98993
543,1.18666e-07,0.0234361,5000,6.25751,11.7015,6.21381,0.0639038,5.02112,5.02112
544,1.23996e-07,0.0232106,5000,6.27832,11.7313,6.23669,0.060791,5.01123,5.01123
545,1.25547e-07,0.0233144,5000,6.29041,11.7764,6.24896,0.0615845,4.99078,4.99078
546,1.31174e-07,0.0233248,5000,6.30682,11.8331,6.26379,0.0618896,5.02124,5.02124
547,1.36938e-07,0.0231165,5000,6.33405,11.8792,6.28906,0.064209,5.00946,5.00946
548,1.39854e-07,0.0232645,5000,6.34863,11.9578,6.30347,0.064209,4.9718,4.9718
549,1.46343e-07,0.0232488,5000,6.36835,11.9945,6.323,0.0664673,4.99133,4.99133
550,1.54503e-07,0.0231721,5000,6.39166,12.0891,6.34253,0.0722046,4.9834,4.9834
551,1.58439e-07,0.0228805,5000,6.41602,12.1876,6.36737,0.0726929,4.99048,4.99048
552,1.66602e-07,0.022869,5000,6.43555,12.2418,6.38916,0.0701294,4.9953,4.9953
553,1.76031e-07,0.0230594,5000,6.45197,12.3016,6.40442,0.074585,4.98328,4.98328
554,1.76949e-07,0.023171,5000,6.47125,12.3629,6.42072,0.0782471,5.00037,5.00037
555,1.86472e-07,0.0228053,5000,6.4967,12.4519,6.4458,0.0790405,4.96594,4.96594
556,1.95756e-07,0.0227503,5000,6.51831,12.479,6.46619,0.0808716,5.02277,5.02277
557,2.00518e-07,0.0228615,5000,6.53308,12.5653,6.48181,0.0796509,5.00781,5.00781
558,2.11541e-07,0.022601,5000,6.55322,12.6144,6.50146,0.0813599,4.98444,4.98444
559,2.17484e-07,0.0227622,5000,6.57507,12.6761,6.52045,0.0854492,4.99091,4.99091
560,2.2887e-07,0.0225776,5000,6.59631,12.7166,6.5451,0.0841064,5.01062,5.01062
561,2.37569e-07,0.022457,5000,6.61963,12.7725,6.5744,0.0800171,4.98315,4.98315
562,2.4446e-07,0.0225515,5000,6.63361,12.7955,6.58795,0.0802002,5.00549,5.00549
563,2.56571e-07,0.022492,5000,6.66345,12.8191,6.61493,0.0826416,5.01147,5.01147
564,2.61062e-07,0.0225379,5000,6.67999,12.8737,6.63037,0.0829468,5.05084,5.05084
565,2.722e-07,0.0224274,5000,6.70465,12.9345,6.65808,0.0797119,4.97754,4.97754
566,2.82067e-07,0.0223219,5000,6.72076,12.9554,6.66791,0.0849609,5.0058,5.0058
567,2.88157e-07,0.022327,5000,6.73517,12.959,6.68005,0.0856323,4.99207,4.99207
568,2.94089e-07,0.0222742,5000,6.74603,12.9683,6.69391,0.0828857,5.01514,5.01514
569,3.06493e-07,0.022258,5000,6.76276,12.9933,6.71008,0.0805664,4.9787,4.9787
570,3.15784e-07,0.0222898,5000,6.77026,13.0133,6.71936,0.0806274,4.99927,4.99927
571,3.25741e-07,0.022125,5000,6.78101,13.0526,6.73004,0.083374,5.00787,5.00787
572,3.37165e-07,0.0221485,5000,6.79059,13.0854,6.74255,0.0837402,5.01727,5.01727
573,3.48734e-07,0.0221758,5000,6.80212,13.0918,6.75018,0.086731,4.96539,4.96539
574,3.55391e-07,0.0219949,5000,6.80469,13.1027,6.7536,0.0874023,4.98285,4.98285
575,3.63103e-07,0.022014,5000,6.81903,13.1057,6.76703,0.0879517,5.0025,5.0025
576,3.72364e-07,0.0222397,5000,6.81226,13.1301,6.75885,0.0875854,5.03137,5.03137
577,3.82195e-07,0.0219337,5000,6.8241,13.1208,6.76538,0.0908203,4.99121,4.99121
578,3.94091e-07,0.0219775,5000,6.82819,13.1102,6.7688,0.0938721,4.98291,4.98291
579,4.0167e-07,0.0220316,5000,6.83313,13.1243,6.77509,0.0910034,5.00604,5.00604
580,4.18703e-07,0.021902,5000,6.84839,13.0641,6.7912,0.092041,4.9975,4.9975
581,4.317e-07,0.0217416,5000,6.84265,13.052,6.78687,0.0892334,4.98645,4.98645
582,4.40407e-07,0.0218007,5000,6.849,13.0143,6.79419,0.0873413,5.0105,5.0105
583,4.47193e-07,0.0220197,5000,6.84607,12.978,6.79321,0.0858765,4.99036,4.99036
584,4.66958e-07,0.021809,5000,6.85999,12.9479,6.80676,0.0873413,5.00983,5.00983
585,4.75108e-07,0.021924,5000,6.85266,12.9659,6.80023,0.0863647,5.01202,5.01202
586,4.91351e-07,0.0215251,5000,6.85699,12.9395,6.80579,0.0854492,4.97186,4.97186
587,5.01911e-07,0.0216075,5000,6.85437,12.9369,6.80322,0.0842285,5.01581,5.01581
588,5.08802e-07,0.0216973,5000,6.8595,12.8856,6.80743,0.0863647,5.01868,5.01868
589,5.23444e-07,0.0217265,5000,6.85803,12.8654,6.8067,0.0857544,5.00519,5.00519
590,5.46794e-07,0.0214817,5000,6.86542,12.8196,6.8136,0.0870972,5.01202,5.01202
591,5.39819e-07,0.0218568,5000,6.85663,12.8001,6.80542,0.0848389,4.98535,4.98535
592,5.6474e-07,0.0216884,5000,6.86578,12.7768,6.81549,0.0848999,5.01929,5.01929
593,5.7467e-07,0.0215263,5000,6.87195,12.7463,6.82324,0.0840454,4.97546,4.97546
594,5.90836e-07,0.0214663,5000,6.86566,12.7387,6.81909,0.0807495,5.01721,5.01721
595,6.05301e-07,0.0215657,5000,6.8587,12.7006,6.81128,0.0842896,5.02264,5.02264
596,6.1569e-07,0.021425,5000,6.86823,12.6722,6.82056,0.081543,5.00317,5.00317
597,6.33912e-07,0.0216211,5000,6.86816,12.6836,6.82446,0.0783691,4.98425,4.98425
598,6.50942e-07,0.0214494,5000,6.87372,12.6586,6.82922,0.0820923,4.99658,4.99658
599,6.60642e-07,0.021589,5000,6.86237,12.6593,6.82062,0.0791016,5.01251,5.01251
600,6.7369e-07,0.0213433,5000,6.87219,12.6651,6.82874,0.0796509,5.02032,5.02032
601,6.83864e-07,0.021389,5000,6.88416,12.6501,6.83655,0.085083,5.0379,5.0379
602,7.10491e-07,0.0212889,5000,6.89325,12.6285,6.84045,0.0949097,4.97601,4.97601
603,7.27464e-07,0.0213752,5000,6.89606,12.6188,6.84534,0.0936279,5.03253,5.03253
604,7.41575e-07,0.0213216,5000,6.89813,12.5743,6.84894,0.0912476,5.0119,5.0119
605,7.58557e-07,0.021417,5000,6.89673,12.5231,6.8468,0.0948486,4.9834,4.9834
606,7.76398e-07,0.0212596,5000,6.90295,12.5161,6.85406,0.0952148,5.02496,5.02496
607,8.00282e-07,0.0212033,5000,6.91284,12.472,6.86536,0.0918579,4.97852,4.97852
608,8.14083e-07,0.0212482,5000,6.89752,12.4593,6.84833,0.092041,4.98151,4.98151
609,8.39544e-07,0.0213002,5000,6.91724,12.4395,6.86743,0.0957642,4.98547,4.98547
610,8.57059e-07,0.0210633,5000,6.92297,12.4092,6.87469,0.0955811,5.02338,5.02338
611,8.79434e-07,0.0211006,5000,6.92993,12.3764,6.88367,0.0925293,4.99414,4.99414
612,9.05006e-07,0.0209254,5000,6.92822,12.3756,6.88202,0.092041,5.00897,5.00897
613,9.24042e-07,0.020955,5000,6.92792,12.3815,6.88873,0.0869751,5.00647,5.00647
614,9.44691e-07,0.0210811,5000,6.93323,12.3593,6.89038,0.0925903,5.00189,5.00189
615,9.67916e-07,0.0209696,5000,6.93243,12.3516,6.89691,0.0865479,4.98749,4.98749
616,9.92112e-07,0.0210547,5000,6.94135,12.3046,6.91071,0.0853271,5.00653,5.00653
617,1.01974e-06,0.0209257,5000,6.93793,12.329,6.90857,0.0852051,4.98785,4.98785
618,1.03339e-06,0.0209748,5000,6.93756,12.2886,6.91223,0.0813599,5.01318,5.01318
619,1.05861e-06,0.0206993,5000,6.9516,12.2314,6.92432,0.0847168,5.013,5.013
620,1.08239e-06,0.0209836,5000,6.95062,12.2375,6.92438,0.085083,5.01532,5.01532
621,1.09832e-06,0.0208159,5000,6.95813,12.218,6.93408,0.0838013,5.01019,5.01019
622,1.11559e-06,0.0208885,5000,6.95276,12.2397,6.92889,0.0839233,4.96112,4.96112
623,1.13712e-06,0.0207784,5000,6.95264,12.2355,6.93207,0.083313,5.01367,5.01367
624,1.16616e-06,0.0206714,5000,6.953,12.2385,6.93292,0.0822754,5.00012,5.00012
625,1.19363e-06,0.0207352,5000,6.95905,12.2618,6.94452,0.0808105,4.98004,4.98004
626,1.21401e-06,0.0206738,5000,6.9516,12.2584,6.93524,0.0863037,5.0155,5.0155
627,1.24331e-06,0.0205996,5000,6.95398,12.2688,6.94275,0.0812378,5.02026,5.02026
628,1.27226e-06,0.0204499,5000,6.96161,12.2505,6.94879,0.0830688,4.98969,4.98969
629,1.30198e-06,0.0205025,5000,6.95801,12.2117,6.94885,0.0789795,4.95892,4.95892
630,1.31273e-06,0.0205392,5000,6.9566,12.2288,6.94611,0.0834351,5.02979,5.02979
631,1.33931e-06,0.0205082,5000,6.95239,12.1821,6.94562,0.0811768,5.03583,5.03583
632,1.36557e-06,0.0205104,5000,6.94708,12.1787,6.94348,0.083374,5.02722,5.02722
633,1.38813e-06,0.0204043,5000,6.95374,12.1676,6.94727,0.088623,4.99823,4.99823
634,1.39323e-06,0.0206367,5000,6.94568,12.1669,6.93726,0.0922852,4.98608,4.98608
635,1.44573e-06,0.020236,5000,6.96149,12.1354,6.9574,0.0914307,4.99518,4.99518
636,1.47076e-06,0.0205545,5000,6.94623,12.1204,6.94519,0.0899658,5.00433,5.00433
637,1.51541e-06,0.0202707,5000,6.95496,12.0863,6.95978,0.0872192,5.00421,5.00421
638,1.5425e-06,0.0204422,5000,6.94739,12.0753,6.94971,0.09198,5.02435,5.02435
639,1.6301e-06,0.0202421,5000,6.95172,12.0705,6.95502,0.0925293,5.01025,5.01025
640,1.67625e-06,0.020153,5000,6.95154,12.0884,6.95856,0.0922241,5.01093,5.01093
641,1.73863e-06,0.0204523,5000,6.95099,12.1132,6.96014,0.09021,4.9776,4.9776
642,1.83484e-06,0.0200508,5000,6.94958,12.1094,6.96582,0.0838623,4.99518,4.99518
643,1.8948e-06,0.020133,5000,6.94641,12.0925,6.96222,0.0853271,5.0069,5.0069
644,1.98091e-06,0.0203994,5000,6.93555,12.0602,6.95734,0.0836182,5.0058,5.0058
645,2.10548e-06,0.0201438,5000,6.94086,12.0785,6.96667,0.0845337,4.99976,4.99976
646,2.24544e-06,0.0201179,5000,6.93811,12.0779,6.96851,0.081543,5.03918,5.03918
647,2.28398e-06,0.0203005,5000,6.92804,12.0828,6.95947,0.0814209,5.02692,5.02692
648,2.48141e-06,0.0201534,5000,6.93329,12.1003,6.96503,0.0824585,4.98981,4.98981
649,2.63325e-06,0.0200165,5000,6.9364,12.1283,6.9696,0.0877075,4.97156,4.97156
650,2.73395e-06,0.020066,5000,6.93408,12.1058,6.96832,0.0892334,5.00916,5.00916
651,2.88652e-06,0.0200661,5000,6.9234,12.1248,6.96631,0.0874023,4.99872,4.99872
652,3.06508e-06,0.0201405,5000,6.9245,12.0952,6.96521,0.0927124,4.9848,4.9848
653,3.21618e-06,0.0199622,5000,6.91296,12.1243,6.95496,0.0956421,4.98352,4.98352
654,3.51205e-06,0.0199602,5000,6.90387,12.1413,6.95789,0.0884399,5.00043,5.00043
655,3.75025e-06,0.0200847,5000,6.90717,12.135,6.96832,0.0869141,5.01263,5.01263
656,4.03213e-06,0.0199606,5000,6.90503,12.184,6.96826,0.083313,5.0498,5.0498
657,4.2361e-06,0.0198528,5000,6.90741,12.2327,6.97681,0.0805054,4.97601,4.97601
658,4.44168e-06,0.0199107,5000,6.9068,12.2031,6.98315,0.0795288,5.01947,5.01947
659,4.76894e-06,0.0199274,5000,6.89905,12.1791,6.98254,0.0762329,4.99896,4.99896
660,5.08225e-06,0.019644,5000,6.89661,12.1367,6.98804,0.0748291,5.00183,5.00183
661,5.27387e-06,0.0197391,5000,6.88666,12.1746,6.98743,0.0736694,5.02643,5.02643
662,5.6153e-06,0.019541,5000,6.88916,12.2139,6.99463,0.0748291,4.98853,4.98853
663,5.89292e-06,0.0197301,5000,6.88739,12.234,7.00287,0.0734863,5.00916,5.00916
664,6.10182e-06,0.0196416,5000,6.88422,12.2097,7.00757,0.0744019,5.00543,5.00543
665,6.31122e-06,0.0197044,5000,6.88019,12.2335,7.01245,0.0760498,5.00122,5.00122
666,6.81078e-06,0.0193505,5000,6.88599,12.2699,7.02826,0.0740356,4.98877,4.98877
667,7.01702e-06,0.0194965,5000,6.88428,12.2783,7.0321,0.0762329,5.00458,5.00458
668,7.4083e-06,0.0197215,5000,6.87396,12.2411,7.0285,0.0748901,5.00153,5.00153
669,7.74855e-06,0.0195846,5000,6.87164,12.2581,7.03668,0.0758057,5.01801,5.01801
670,8.10572e-06,0.0193064,5000,6.87549,12.311,7.05487,0.0724487,5.00702,5.00702
671,8.33366e-06,0.0194318,5000,6.86823,12.3602,7.05347,0.074585,5.00812,5.00812
672,8.69026e-06,0.0193997,5000,6.86407,12.3942,7.06134,0.0732422,5.00714,5.00714
673,9.32365e-06,0.0192582,5000,6.87225,12.4006,7.08276,0.0737305,4.99536,4.99536
674,9.341e-06,0.0191354,5000,6.8772,12.4222,7.0932,0.0780029,5.01831,5.01831
675,9.76312e-06,0.019419,5000,6.86896,12.433,7.09479,0.079834,5.03192,5.03192
676,1.01848e-05,0.019098,5000,6.87378,12.4805,7.11029,0.0821533,4.98889,4.98889
677,1.0562e-05,0.019161,5000,6.86206,12.5125,7.11133,0.0828247,5.0387,5.0387
678,1.08717e-05,0.0192334,5000,6.87079,12.5323,7.12793,0.0862427,5.00861,5.00861
679,1.13231e-05,0.0192743,5000,6.87311,12.5626,7.14038,0.0882568,5.01422,5.01422
680,1.18216e-05,0.019187,5000,6.87457,12.6176,7.15723,0.0913086,5.03027,5.03027
681,1.21061e-05,0.0192199,5000,6.87109,12.6441,7.16705,0.0908813,5.00739,5.00739
682,1.24427e-05,0.0190727,5000,6.86859,12.6712,7.17688,0.0925293,5.02661,5.02661
683,1.28886e-05,0.0189106,5000,6.87201,12.6674,7.19891,0.0906372,5.00525,5.00525
684,1.35038e-05,0.0186915,5000,6.8681,12.7072,7.21344,0.0897827,5.0296,5.0296
685,1.40226e-05,0.0188668,5000,6.87421,12.6997,7.23285,0.090271,5.01093,5.01093
686,1.43835e-05,0.0186927,5000,6.8725,12.7581,7.24585,0.0919189,4.97968,4.97968
687,1.4954e-05,0.0188907,5000,6.86249,12.8547,7.24664,0.0953369,5.00641,5.00641
688,1.52492e-05,0.0189775,5000,6.86554,12.8658,7.25916,0.100891,4.99908,4.99908
689,1.58866e-05,0.0185914,5000,6.87378,12.8748,7.2923,0.095459,4.96838,4.96838
690,1.65134e-05,0.018468,5000,6.86584,12.9606,7.29968,0.0981445,4.98999,4.98999
691,1.6472e-05,0.0187333,5000,6.85693,12.9887,7.30438,0.0938721,5.00763,5.00763
692,1.71407e-05,0.0187645,5000,6.84631,12.9979,7.31696,0.0891113,5.00891,5.00891
693,1.8101e-05,0.0187716,5000,6.85565,13.033,7.34131,0.0940552,5.01019,5.01019
694,1.8528e-05,0.01861,5000,6.8501,13.0438,7.35938,0.0913086,4.99469,4.99469
695,1.9356e-05,0.0183506,5000,6.84393,13.0688,7.36896,0.0911865,4.95825,4.95825
696,2.01093e-05,0.0182044,5000,6.85266,13.0891,7.3938,0.0913696,4.97162,4.97162
697,2.06779e-05,0.0184429,5000,6.83997,13.1376,7.39697,0.0932617,5.00061,5.00061
698,2.14721e-05,0.0181843,5000,6.83801,13.1149,7.42139,0.088623,5.02118,5.02118
699,2.22728e-05,0.0182227,5000,6.83466,13.1635,7.43604,0.0914307,4.99817,4.99817
700,2.31409e-05,0.017946,5000,6.82819,13.1724,7.4549,0.0893555,5.01459,5.01459
701,2.36335e-05,0.0182102,5000,6.82611,13.2278,7.46521,0.0881958,5.02008,5.02008
702,2.49006e-05,0.0178955,5000,6.83557,13.2293,7.49384,0.0910645,4.98462,4.98462
703,2.53025e-05,0.0180553,5000,6.82849,13.267,7.5011,0.09729,5.02112,5.02112
704,2.5893e-05,0.0180374,5000,6.83313,13.2491,7.51849,0.0977173,4.99597,4.99597
705,2.66094e-05,0.0179085,5000,6.82544,13.2996,7.52948,0.0983887,5.01428,5.01428
706,2.76377e-05,0.0179905,5000,6.83032,13.3047,7.54871,0.101379,4.9809,4.9809
707,2.82196e-05,0.0179747,5000,6.8252,13.3283,7.5553,0.101562,5.00653,5.00653
708,2.93937e-05,0.0177278,5000,6.8363,13.3718,7.57739,0.103088,5.01324,5.01324
709,2.95196e-05,0.0180856,5000,6.84198,13.3809,7.58911,0.10907,5.00684,5.00684
710,3.07574e-05,0.0175561,5000,6.85193,13.356,7.6109,0.110046,4.98047,4.98047
711,3.13865e-05,0.0175826,5000,6.8526,13.3887,7.61932,0.11438,4.98889,4.98889
712,3.18772e-05,0.0179273,5000,6.84601,13.4333,7.62061,0.113708,4.99066,4.99066
713,3.27054e-05,0.0178387,5000,6.85547,13.4573,7.64807,0.113708,4.99634,4.99634
714,3.28651e-05,0.0178055,5000,6.8504,13.4537,7.64777,0.114929,5.03381,5.03381
715,3.35558e-05,0.017794,5000,6.85107,13.46,7.65411,0.112732,5.0271,5.0271
716,3.4618e-05,0.017809,5000,6.86298,13.4653,7.67023,0.116272,4.98621,4.98621
717,3.4723e-05,0.017948,5000,6.85956,13.507,7.67554,0.116089,5.02161,5.02161
718,3.6123e-05,0.0177058,5000,6.86761,13.5158,7.69678,0.113892,4.97198,4.97198
719,3.63221e-05,0.0178393,5000,6.85547,13.5147,7.6908,0.105286,5.00763,5.00763
720,3.71482e-05,0.0175309,5000,6.86133,13.4816,7.70367,0.104187,5.01648,5.01648
721,3.74548e-05,0.0178445,5000,6.86346,13.4944,7.70453,0.103577,5.01892,5.01892
722,3.88741e-05,0.0175409,5000,6.87195,13.5153,7.71844,0.106506,4.98401,4.98401
723,3.92246e-05,0.0177651,5000,6.8653,13.574,7.72101,0.0996704,4.98505,4.98505
724,4.04805e-05,0.0176074,5000,6.8703,13.5641,7.72986,0.100647,5.00128,5.00128
725,4.09851e-05,0.0176983,5000,6.87189,13.5668,7.73224,0.102478,5.03241,5.03241
726,4.20163e-05,0.0176283,5000,6.87122,13.5789,7.73492,0.101379,5.00177,5.00177
727,4.27472e-05,0.0175005,5000,6.88135,13.5497,7.74738,0.100403,4.9906,4.9906
728,4.28027e-05,0.0175411,5000,6.87463,13.5318,7.74335,0.098877,5.01935,5.01935
729,4.39342e-05,0.0175975,5000,6.87646,13.4668,7.74939,0.0985718,4.99213,4.99213
730,4.46601e-05,0.0174913,5000,6.88397,13.5026,7.75342,0.0998535,5.0307,5.0307
731,4.56072e-05,0.0174286,5000,6.88342,13.4784,7.75195,0.100952,4.96167,4.96167
732,4.57125e-05,0.0176068,5000,6.88269,13.4386,7.74542,0.104736,5.00452,5.00452
733,4.64122e-05,0.017473,5000,6.8941,13.4049,7.75507,0.107666,4.99164,4.99164
734,4.75263e-05,0.0173071,5000,6.89575,13.3943,7.77069,0.104797,4.99677,4.99677
735,4.7602e-05,0.0174132,5000,6.89636,13.3943,7.76746,0.105286,4.96594,4.96594
736,4.82371e-05,0.0175324,5000,6.89142,13.3647,7.75879,0.105835,4.96039,4.96039
737,4.96759e-05,0.0172844,5000,6.90613,13.2977,7.77301,0.108398,4.98047,4.98047
738,4.96395e-05,0.0173679,5000,6.89832,13.2841,7.76373,0.110168,5.00867,5.00867
739,5.04642e-05,0.0174443,5000,6.89215,13.2452,7.7627,0.108398,4.96466,4.96466
740,5.16565e-05,0.0172066,5000,6.90063,13.2045,7.76837,0.11084,4.98962,4.98962
741,5.17939e-05,0.0172301,5000,6.89496,13.1902,7.7652,0.107605,5.03058,5.03058
742,5.21741e-05,0.0173833,5000,6.8855,13.1296,7.75769,0.109497,4.98822,4.98822
743,5.33802e-05,0.0173242,5000,6.88232,13.0525,7.75635,0.105408,5.00854,5.00854
744,5.34902e-05,0.0172591,5000,6.88037,13.0038,7.7533,0.101685,5.00757,5.00757
745,5.44671e-05,0.017334,5000,6.88934,12.9469,7.76361,0.104309,4.99707,4.99707
746,5.45814e-05,0.017216,5000,6.87982,12.9093,7.75525,0.102295,5.02747,5.02747
747,5.55199e-05,0.0172993,5000,6.87946,12.8854,7.75983,0.0949097,5.01532,5.01532
748,5.56545e-05,0.0172689,5000,6.87445,12.8609,7.75427,0.0963135,5.00372,5.00372
749,5.64196e-05,0.0172115,5000,6.87506,12.8274,7.75555,0.0982666,5.01398,5.01398
750,5.68226e-05,0.0172053,5000,6.88086,12.8259,7.75513,0.104187,4.98273,4.98273
751,5.76089e-05,0.0173031,5000,6.88062,12.823,7.75116,0.104431,5.0083,5.0083
752,5.73751e-05,0.0172302,5000,6.86877,12.7823,7.74396,0.103455,5.01105,5.01105
753,5.85936e-05,0.0174476,5000,6.86908,12.7245,7.74316,0.105713,5.01788,5.01788
754,5.98119e-05,0.0171098,5000,6.88312,12.6429,7.7547,0.109863,5.00427,5.00427
755,6.01934e-05,0.0172219,5000,6.8775,12.652,7.74634,0.11261,4.98877,4.98877
756,6.11759e-05,0.0171115,5000,6.87805,12.6371,7.74768,0.113403,4.9978,4.9978
757,6.1258e-05,0.0171122,5000,6.87909,12.5967,7.75256,0.112549,5.01373,5.01373
758,6.1709e-05,0.0172674,5000,6.88049,12.5751,7.75177,0.116699,4.98425,4.98425
759,6.24856e-05,0.01692,5000,6.8764,12.5498,7.74835,0.113647,4.97101,4.97101
760,6.29227e-05,0.0171254,5000,6.8775,12.5399,7.75403,0.111206,4.9632,4.9632
761,6.34095e-05,0.0171023,5000,6.88171,12.499,7.75623,0.114929,4.97748,4.97748
762,6.35381e-05,0.017268,5000,6.87201,12.483,7.74323,0.116272,4.99487,4.99487
763,6.41056e-05,0.0173442,5000,6.87079,12.489,7.74261,0.120361,5.00189,5.00189
764,6.46517e-05,0.0169199,5000,6.86652,12.4673,7.74738,0.115112,5.01868,5.01868
765,6.52362e-05,0.0170011,5000,6.86609,12.3995,7.74725,0.112549,5.01562,5.01562
766,6.57094e-05,0.0169011,5000,6.87,12.3992,7.74707,0.114746,5.01349,5.01349
767,6.6059e-05,0.0170241,5000,6.86456,12.3649,7.74536,0.111572,4.99622,4.99622
768,6.58717e-05,0.0173473,5000,6.86371,12.2849,7.73547,0.115295,5.02625,5.02625
769,6.69329e-05,0.0169793,5000,6.87769,12.2348,7.74805,0.120728,4.99298,4.99298
770,6.56832e-05,0.0173695,5000,6.86536,12.1932,7.73755,0.119446,5.01538,5.01538
771,6.71811e-05,0.0171091,5000,6.86792,12.1263,7.73895,0.117859,4.99487,4.99487
772,6.73747e-05,0.0172194,5000,6.85596,12.0981,7.73248,0.113281,5.02533,5.02533
773,6.79015e-05,0.0171896,5000,6.86279,12.0503,7.73816,0.116272,5.01947,5.01947
774,6.72003e-05,0.0171314,5000,6.85406,12.0505,7.73267,0.110413,5.01569,5.01569
775,6.81742e-05,0.0170592,5000,6.85046,12.052,7.73163,0.106445,5.00092,5.00092
776,6.82275e-05,0.0169853,5000,6.86334,12.04,7.74176,0.106506,4.98969,4.98969
777,6.89148e-05,0.0170567,5000,6.85468,12.0047,7.73376,0.100281,5.00433,5.00433
778,6.92618e-05,0.0169933,5000,6.85431,12.0301,7.73358,0.102844,4.99127,4.99127
779,6.93873e-05,0.0172967,5000,6.85809,12.0063,7.73688,0.09729,4.98529,4.98529
780,6.95748e-05,0.0171791,5000,6.85779,11.9507,7.73553,0.0962524,4.97797,4.97797
781,7.01146e-05,0.0170154,5000,6.85632,11.8856,7.73901,0.0950317,5.02405,5.02405
782,7.05894e-05,0.0171199,5000,6.86407,11.8751,7.74933,0.0930176,4.99194,4.99194
783,7.01796e-05,0.017149,5000,6.8551,11.8696,7.74182,0.0923462,5.034,5.034
784,7.11376e-05,0.0168741,5000,6.85773,11.8557,7.73688,0.0945435,5.00067,5.00067
785,7.12974e-05,0.0170947,5000,6.85339,11.8472,7.73193,0.0969238,5.01904,5.01904
786,7.17541e-05,0.0171277,5000,6.85358,11.8188,7.73779,0.0941772,4.99695,4.99695
787,7.23091e-05,0.0171492,5000,6.85669,11.7961,7.73682,0.0932617,5.00629,5.00629
788,7.30114e-05,0.0169182,5000,6.85773,11.801,7.73969,0.0929565,4.96564,4.96564
789,7.25892e-05,0.0169672,5000,6.85352,11.7859,7.73798,0.0945435,4.98987,4.98987
790,7.27878e-05,0.0169376,5000,6.85901,11.7563,7.74194,0.0946655,4.98553,4.98553
791,7.30458e-05,0.0170211,5000,6.85388,11.7726,7.73456,0.0959473,5.00818,5.00818
792,7.24503e-05,0.0171729,5000,6.85968,11.7873,7.73712,0.0968018,4.98169,4.98169
793,7.31471e-05,0.0170448,5000,6.85834,11.7662,7.73999,0.0961914,4.99567,4.99567
794,7.3386e-05,0.0171649,5000,6.85626,11.703,7.73853,0.0944824,4.9942,4.9942
795,7.45802e-05,0.0167913,5000,6.86511,11.7177,7.74554,0.0968628,5.00134,5.00134
796,7.46153e-05,0.0169383,5000,6.86835,11.7191,7.75165,0.0941162,5.01123,5.01123
797,7.47141e-05,0.0169518,5000,6.86517,11.683,7.74835,0.0926514,4.97565,4.97565
798,7.49205e-05,0.0169872,5000,6.86975,11.6819,7.755,0.092041,5.00354,5.00354
799,7.4696e-05,0.0170771,5000,6.86371,11.69,7.74225,0.0986938,5.01263,5.01263
800,7.51303e-05,0.0168932,5000,6.86938,11.6919,7.74811,0.100403,5.02063,5.02063
801,7.54809e-05,0.0169839,5000,6.86273,11.6921,7.74402,0.0979614,4.98083,4.98083
802,7.54909e-05,0.0168476,5000,6.87347,11.6632,7.75226,0.0993652,5.0141,5.0141
803,7.64644e-05,0.0169521,5000,6.87115,11.6556,7.75403,0.0964966,4.99969,4.99969
804,7.65894e-05,0.0169022,5000,6.8775,11.6395,7.75787,0.101379,4.9762,4.9762
805,7.68248e-05,0.0169285,5000,6.87592,11.621,7.7547,0.100281,4.98364,4.98364
806,7.75751e-05,0.0168602,5000,6.87866,11.6401,7.76001,0.0975952,5.00177,5.00177
807,7.66058e-05,0.0169637,5000,6.87994,11.6786,7.758,0.100281,4.99908,4.99908
808,7.72079e-05,0.0168202,5000,6.87537,11.6865,7.75848,0.0995483,4.9989,4.9989
809,7.68033e-05,0.0171178,5000,6.87921,11.7077,7.75989,0.103271,5.01617,5.01617
810,7.75771e-05,0.016865,5000,6.87677,11.7139,7.75128,0.106812,4.98657,4.98657
811,7.84012e-05,0.0167052,5000,6.88635,11.7012,7.76709,0.103333,4.97455,4.97455
812,7.7271e-05,0.0170225,5000,6.87628,11.7285,7.75525,0.0999146,5.01581,5.01581
813,7.84632e-05,0.0168831,5000,6.87866,11.6866,7.75983,0.103088,4.99133,4.99133
814,7.74922e-05,0.0171412,5000,6.86847,11.7109,7.74927,0.100647,4.99017,4.99017
815,7.95118e-05,0.0166937,5000,6.87921,11.7108,7.76605,0.0949707,4.97577,4.97577
816,7.96073e-05,0.0169304,5000,6.87805,11.6998,7.76324,0.0960693,4.98639,4.98639
817,7.85573e-05,0.0171038,5000,6.86932,11.7307,7.75214,0.0980835,5.02545,5.02545
818,7.91533e-05,0.016852,5000,6.86743,11.6674,7.75574,0.0960083,5.00488,5.00488
819,7.85805e-05,0.0168059,5000,6.86072,11.6462,7.74524,0.0997925,5.00409,5.00409
820,7.85161e-05,0.0170895,5000,6.85651,11.5952,7.73627,0.0976562,5.00146,5.00146
821,7.88082e-05,0.0169574,5000,6.86072,11.593,7.74438,0.0991821,4.97394,4.97394
822,8.07755e-05,0.0168579,5000,6.86584,11.6227,7.75366,0.0999146,4.99554,4.99554
823,7.95625e-05,0.0170003,5000,6.86237,11.6506,7.74774,0.0988159,4.99829,4.99829
824,7.98678e-05,0.0170377,5000,6.84869,11.6167,7.73236,0.095459,5.00037,5.00037
825,7.95684e-05,0.0170429,5000,6.84729,11.6004,7.72931,0.0945435,4.99854,4.99854
826,7.97832e-05,0.0170947,5000,6.86023,11.6184,7.74292,0.0946655,4.96918,4.96918
827,8.14264e-05,0.0168629,5000,6.85522,11.6326,7.74365,0.0942993,5.00568,5.00568
828,8.13003e-05,0.0168988,5000,6.85693,11.5843,7.74115,0.0958862,4.98993,4.98993
829,8.12774e-05,0.016941,5000,6.85645,11.5515,7.74823,0.0906982,4.99854,4.99854
830,8.12512e-05,0.0166743,5000,6.85864,11.5218,7.74908,0.0905151,4.96753,4.96753
831,8.15976e-05,0.0170524,5000,6.8576,11.5052,7.74249,0.0914307,4.97284,4.97284
832,8.15794e-05,0.0169448,5000,6.854,11.517,7.73816,0.0957642,5.01825,5.01825
833,8.16692e-05,0.0169078,5000,6.8576,11.5569,7.7431,0.0952148,5.039,5.039
834,8.12305e-05,0.0170334,5000,6.85516,11.53,7.74182,0.0938721,5.01379,5.01379
835,8.16748e-05,0.0170925,5000,6.84955,11.532,7.73431,0.0951538,5.00439,5.00439
836,8.24664e-05,0.0168292,5000,6.84985,11.5555,7.73541,0.098938,5.00116,5.00116
837,8.23907e-05,0.0167948,5000,6.84528,11.5248,7.73334,0.093811,5.00983,5.00983
838,8.36203e-05,0.0169072,5000,6.85419,11.5373,7.74188,0.0955811,4.98364,4.98364
839,8.2913e-05,0.0169342,5000,6.85504,11.548,7.74048,0.0987549,4.99683,4.99683
840,8.2633e-05,0.0171844,5000,6.8504,11.5421,7.7392,0.0951538,4.97406,4.97406
841,8.34384e-05,0.0167372,5000,6.85822,11.5349,7.74646,0.0975952,5.01575,5.01575
842,8.27307e-05,0.016972,5000,6.85089,11.5297,7.73877,0.0961914,5.01282,5.01282
843,8.31645e-05,0.0170527,5000,6.84741,11.4937,7.73602,0.0952148,4.99036,4.99036
844,8.46621e-05,0.0167017,5000,6.85797,11.4865,7.74738,0.088623,4.9729,4.9729
845,8.39482e-05,0.0167727,5000,6.85236,11.4858,7.73999,0.086731,5.00189,5.00189
846,8.39527e-05,0.0171671,5000,6.84991,11.5091,7.73566,0.0904541,5.02747,5.02747
847,8.4959e-05,0.0166762,5000,6.8512,11.5143,7.73883,0.0880737,4.96667,4.96667
848,8.42848e-05,0.0169738,5000,6.84778,11.4929,7.73358,0.0874023,5.00238,5.00238
849,8.71375e-05,0.0164697,5000,6.8631,11.4693,7.74939,0.0891113,4.98303,4.98303
850,8.65874e-05,0.0168142,5000,6.85931,11.4719,7.73859,0.0974121,5.00012,5.00012
851,8.60371e-05,0.0167886,5000,6.85522,11.4512,7.73492,0.0943604,4.99921,4.99921
852,8.62687e-05,0.0168771,5000,6.85382,11.4471,7.73804,0.0909424,5.00208,5.00208
853,8.62435e-05,0.0170012,5000,6.85107,11.4763,7.73077,0.0947876,4.99286,4.99286
854,8.64518e-05,0.0168047,5000,6.85529,11.4808,7.73553,0.0975342,4.99152,4.99152
855,8.7102e-05,0.0167762,5000,6.85449,11.4719,7.72968,0.0993042,4.99988,4.99988
856,8.69937e-05,0.0169184,5000,6.8559,11.4534,7.73193,0.100159,5.00287,5.00287
857,8.64084e-05,0.0169869,5000,6.84723,11.4604,7.72638,0.09729,4.97131,4.97131
858,8.87929e-05,0.0167154,5000,6.85748,11.4618,7.73517,0.0946045,4.96222,4.96222
859,8.71679e-05,0.0169497,5000,6.84491,11.4492,7.71814,0.0957642,4.97937,4.97937
860,8.76947e-05,0.0166422,5000,6.84741,11.466,7.73035,0.0916748,4.99512,4.99512
861,8.74551e-05,0.0167016,5000,6.84192,11.4207,7.72101,0.0928345,4.96661,4.96661
862,8.77434e-05,0.0168787,5000,6.84735,11.4407,7.7287,0.0932617,4.97675,4.97675
863,8.81157e-05,0.0167357,5000,6.84515,11.4404,7.72998,0.0889893,5.00751,5.00751
864,8.87413e-05,0.0168885,5000,6.84442,11.4421,7.72314,0.0905151,4.98578,4.98578
865,8.90453e-05,0.0169102,5000,6.84772,11.3782,7.72723,0.0916138,4.95453,4.95453
866,8.87996e-05,0.0169673,5000,6.85541,11.3586,7.73102,0.0933838,5.0094,5.0094
867,8.95046e-05,0.0168038,5000,6.85626,11.3818,7.73328,0.0896606,5.01141,5.01141
868,8.91792e-05,0.0168025,5000,6.84943,11.3915,7.72748,0.0874023,5.0058,5.0058
869,9.00411e-05,0.0166785,5000,6.85181,11.4004,7.7301,0.086853,5.03485,5.03485
870,8.98886e-05,0.0166825,5000,6.84528,11.3783,7.72607,0.0861206,5.03235,5.03235
871,9.07608e-05,0.0167655,5000,6.85022,11.3721,7.72913,0.0853271,4.97363,4.97363
872,9.03972e-05,0.0169003,5000,6.84918,11.3647,7.73163,0.0831909,4.97186,4.97186
873,9.14804e-05,0.0167444,5000,6.84692,11.3649,7.73016,0.0789185,4.96442,4.96442
874,8.99971e-05,0.0169783,5000,6.84436,11.3739,7.72949,0.0750732,5.02313,5.02313
875,9.11796e-05,0.0166339,5000,6.8432,11.3445,7.73364,0.0714722,5.00452,5.00452
876,9.2623e-05,0.0166842,5000,6.84271,11.3313,7.73242,0.071228,4.96759,4.96759
877,9.02726e-05,0.0169406,5000,6.83533,11.3578,7.7251,0.0726318,4.99963,4.99963
878,9.15096e-05,0.0167992,5000,6.83374,11.3507,7.71796,0.0759277,5.01056,5.01056
879,9.12468e-05,0.0168661,5000,6.82501,11.3593,7.71564,0.0736694,5.0191,5.0191
880,9.21021e-05,0.016722,5000,6.83826,11.3762,7.72089,0.0791626,5.02856,5.02856
881,9.21394e-05,0.0169351,5000,6.83722,11.3641,7.7243,0.076355,4.98077,4.98077
882,9.19045e-05,0.0168548,5000,6.8385,11.3759,7.71814,0.0794067,4.98779,4.98779
883,9.15141e-05,0.017001,5000,6.83215,11.3537,7.71985,0.0770264,5.03278,5.03278
884,9.26136e-05,0.0168006,5000,6.83832,11.3687,7.73389,0.0708008,5.0105,5.0105
885,9.36846e-05,0.0166898,5000,6.83917,11.3544,7.73315,0.0718994,4.99072,4.99072
886,9.30344e-05,0.0168182,5000,6.83844,11.4118,7.73151,0.0718994,4.99927,4.99927
887,9.31804e-05,0.016957,5000,6.83978,11.4019,7.73419,0.071167,5.01495,5.01495
888,9.44473e-05,0.0166628,5000,6.84552,11.3706,7.7356,0.0751343,5.01666,5.01666
889,9.4331e-05,0.0166784,5000,6.85022,11.3881,7.74146,0.0734253,4.96747,4.96747
890,9.35997e-05,0.016781,5000,6.84247,11.3817,7.72968,0.0750732,4.98535,4.98535
891,9.44362e-05,0.0168437,5000,6.84247,11.3733,7.73175,0.0718994,5.00964,5.00964
892,9.53177e-05,0.0166879,5000,6.84534,11.3607,7.73816,0.0710449,5.00745,5.00745
893,9.50695e-05,0.0166847,5000,6.85083,11.3106,7.74017,0.0742798,4.98102,4.98102
894,9.55507e-05,0.016855,5000,6.85376,11.258,7.74457,0.0741577,5.00476,5.00476
895,9.66262e-05,0.0166495,5000,6.85321,11.2537,7.74115,0.0714722,4.98315,4.98315
896,9.68941e-05,0.0167345,5000,6.85699,11.2419,7.74603,0.0715942,4.99786,4.99786
897,9.62825e-05,0.016788,5000,6.85657,11.2155,7.74542,0.0722656,5.00665,5.00665
898,9.53908e-05,0.0169895,5000,6.85492,11.2218,7.73853,0.0784912,5.03363,5.03363
899,9.70306e-05,0.0167137,5000,6.86682,11.206,7.75446,0.0722046,4.97736,4.97736
900,9.74666e-05,0.0168059,5000,6.86176,11.1773,7.75214,0.0724487,4.98694,4.98694
901,9.7573e-05,0.0164409,5000,6.8573,11.1579,7.74683,0.0754395,4.98859,4.98859
902,9.74363e-05,0.0169038,5000,6.8623,11.1578,7.74323,0.0804443,5.01379,5.01379
903,9.95205e-05,0.016477,5000,6.87402,11.1625,7.7627,0.0773315,4.99359,4.99359
904,9.87793e-05,0.0167275,5000,6.8736,11.1523,7.76355,0.0806274,5.00269,5.00269
905,9.72211e-05,0.0169201,5000,6.86444,11.1262,7.75098,0.0807495,5.01263,5.01263
906,9.80971e-05,0.0166757,5000,6.8678,11.1101,7.75385,0.0817871,4.97406,4.97406
907,9.80678e-05,0.0166647,5000,6.87115,11.0966,7.75378,0.0827637,4.995,4.995
908,9.80601e-05,0.0169378,5000,6.85999,11.107,7.74902,0.078064,4.97058,4.97058
909,9.87356e-05,0.0167305,5000,6.86084,11.116,7.75238,0.0789795,5.0144,5.0144
910,9.94805e-05,0.016404,5000,6.86267,11.1443,7.75513,0.0730591,5.01849,5.01849
911,9.84726e-05,0.016864,5000,6.85498,11.1652,7.75031,0.0757446,4.98761,4.98761
912,9.88055e-05,0.0167671,5000,6.84668,11.1732,7.7406,0.074707,4.98779,4.98779
913,9.9001e-05,0.0169228,5000,6.85364,11.1706,7.74872,0.0739746,5.00342,5.00342
914,9.8689e-05,0.0168586,5000,6.85077,11.1639,7.74054,0.0801392,4.99121,4.99121
915,9.90379e-05,0.0167721,5000,6.84167,11.1593,7.73505,0.0748291,5.01056,5.01056
916,0.000100134,0.0168222,5000,6.84546,11.1164,7.73773,0.0761719,5.00073,5.00073
917,0.000100209,0.0169798,5000,6.84357,11.1329,7.73376,0.0778198,5.03308,5.03308
918,9.9904e-05,0.0168144,5000,6.84784,11.1376,7.73932,0.0790405,4.97815,4.97815
919,0.000100518,0.0167807,5000,6.85205,11.1325,7.74207,0.0822754,5.02478,5.02478
920,0.000101497,0.0165097,5000,6.85718,11.097,7.74896,0.0806274,4.99799,4.99799
921,0.000102293,0.0167751,5000,6.8548,11.0751,7.74243,0.085022,5.00012,5.00012
922,0.000101104,0.0167651,5000,6.85913,11.087,7.74432,0.085022,5.00677,5.00677
923,0.000101502,0.01661,5000,6.85297,11.0867,7.74402,0.0827026,5.00513,5.00513
924,0.00010116,0.0166071,5000,6.84851,11.1103,7.74377,0.0776367,4.96875,4.96875
925,0.000102121,0.0169623,5000,6.84369,11.1023,7.73944,0.0774536,4.99426,4.99426
926,0.000102737,0.016684,5000,6.84161,11.0703,7.74597,0.0741577,4.99689,4.99689
927,0.00010239,0.0168578,5000,6.84833,11.0844,7.74908,0.0773315,4.97919,4.97919
928,0.000102672,0.0167246,5000,6.8407,11.0904,7.74609,0.0739136,4.99158,4.99158
929,0.000102565,0.0166305,5000,6.84637,11.0864,7.75006,0.0755615,4.99341,4.99341
930,0.000102504,0.0167569,5000,6.8371,11.0688,7.74078,0.0786133,4.96277,4.96277
931,0.000103217,0.0165218,5000,6.83734,11.0745,7.74542,0.0762329,4.98749,4.98749
932,0.000102525,0.016995,5000,6.83453,11.0637,7.73517,0.0793457,4.9729,4.9729
933,0.00010253,0.0167276,5000,6.83014,11.0787,7.72998,0.0806274,4.99158,4.99158
934,0.00010416,0.0167426,5000,6.83533,11.0613,7.73389,0.081604,5.02179,5.02179
935,0.000102859,0.0169252,5000,6.83118,11.0287,7.73273,0.0825195,5.02216,5.02216
936,0.000103825,0.0170148,5000,6.83215,10.9797,7.73505,0.0809326,5.01721,5.01721
937,0.00010489,0.0167637,5000,6.84106,10.9678,7.74554,0.0777588,5.00824,5.00824
938,0.000102435,0.0168332,5000,6.83276,10.9149,7.73096,0.0765381,5.01086,5.01086
939,0.000103549,0.0168093,5000,6.83478,10.8875,7.74274,0.0776367,4.97076,4.97076
940,0.000105497,0.0168237,5000,6.83716,10.8633,7.73938,0.0827637,4.99432,4.99432
941,0.0001045,0.0167281,5000,6.83856,10.8946,7.73669,0.083252,5.0235,5.0235
942,0.000105306,0.0166563,5000,6.84521,10.8506,7.7442,0.0837402,5.00208,5.00208
943,0.000105069,0.016856,5000,6.83691,10.8508,7.737,0.0835571,5.0061,5.0061
944,0.00010549,0.0167158,5000,6.84723,10.8574,7.74811,0.0859985,4.97906,4.97906
945,0.000104932,0.0168013,5000,6.83978,10.8552,7.74304,0.0845947,5.00739,5.00739
946,0.000105242,0.0169469,5000,6.84149,10.8719,7.74512,0.0818481,5.01147,5.01147
947,0.000105677,0.0167452,5000,6.84161,10.8724,7.74512,0.0809326,4.98615,4.98615
948,0.000105039,0.0168495,5000,6.83453,10.9221,7.7326,0.0822754,5.00153,5.00153
949,0.000107097,0.016706,5000,6.83521,10.9626,7.74048,0.0784912,5.0249,5.0249
950,0.000106968,0.0166643,5000,6.8457,10.9683,7.74738,0.0797729,4.9989,4.9989
951,0.000106424,0.0168782,5000,6.84479,10.9216,7.74951,0.0767212,5.02325,5.02325
952,0.000106573,0.0169545,5000,6.84406,10.8707,7.74414,0.081604,4.99133,4.99133
953,0.000108043,0.0166936,5000,6.85065,10.8815,7.7533,0.0834961,4.97998,4.97998
954,0.0001065,0.0168144,5000,6.84625,10.8535,7.74536,0.0848389,4.98303,4.98303
955,0.000107184,0.0166231,5000,6.85828,10.8488,7.75793,0.088562,5.01788,5.01788
956,0.000107489,0.0168651,5000,6.85522,10.8456,7.7533,0.0863037,5.01465,5.01465
957,0.000108874,0.0167783,5000,6.85931,10.8152,7.75739,0.0878906,4.98889,4.98889
958,0.000106914,0.0169413,5000,6.85565,10.7948,7.74982,0.0872192,5.02466,5.02466
959,0.000108345,0.0167905,5000,6.85345,10.8071,7.75098,0.0873413,5.00385,5.00385
960,0.000107614,0.0169892,5000,6.86011,10.8357,7.75305,0.0886841,4.99323,4.99323
961,0.000109354,0.0166121,5000,6.87024,10.7939,7.76501,0.090271,4.99615,4.99615
962,0.000108991,0.0168475,5000,6.86841,10.7834,7.76172,0.0924072,4.98999,4.98999
963,0.00010988,0.0167359,5000,6.86938,10.7711,7.76959,0.0886841,5.00403,5.00403
964,0.00010903,0.0168134,5000,6.86938,10.7935,7.75867,0.0921631,4.99957,4.99957
965,0.000108574,0.0168616,5000,6.87537,10.7971,7.75983,0.0980835,5.01099,5.01099
966,0.000109469,0.0167546,5000,6.87543,10.794,7.76483,0.0982056,5.00189,5.00189
967,0.00010938,0.0167836,5000,6.87885,10.7665,7.76599,0.0987549,5.00323,5.00323
968,0.000109372,0.0166547,5000,6.87927,10.7623,7.76398,0.0993652,4.98828,4.98828
969,0.000110916,0.0167994,5000,6.87207,10.7714,7.76465,0.0964355,4.96729,4.96729
970,0.000111337,0.0168444,5000,6.8764,10.7859,7.76587,0.0958252,5.00183,5.00183
971,0.000110937,0.0169471,5000,6.87238,10.83,7.76056,0.0952759,5.02283,5.02283
972,0.00011145,0.0167036,5000,6.88153,10.8188,7.771,0.0984497,4.99335,4.99335
973,0.000110581,0.0168739,5000,6.85992,10.8333,7.74634,0.0974731,5.02502,5.02502
974,0.000111582,0.016846,5000,6.86346,10.8171,7.75208,0.0947266,5.00476,5.00476
975,0.000113028,0.0166747,5000,6.87183,10.8275,7.7663,0.0915527,5.00415,5.00415
976,0.000112294,0.0167445,5000,6.87848,10.8676,7.77203,0.0907593,5.01654,5.01654
977,0.000113337,0.0166051,5000,6.88367,10.8542,7.77728,0.0948486,5.00067,5.00067
978,0.000111382,0.0167751,5000,6.87213,10.8736,7.76251,0.0947266,4.97009,4.97009
979,0.000112955,0.0167343,5000,6.88153,10.8785,7.77661,0.0925903,4.98126,4.98126
980,0.000112748,0.0170009,5000,6.87311,10.9086,7.76312,0.0974121,5.04004,5.04004
981,0.000113333,0.0167777,5000,6.87628,10.9061,7.76898,0.0968018,4.98608,4.98608
982,0.000112813,0.0167887,5000,6.88269,10.9115,7.77191,0.0997925,5.03784,5.03784
983,0.000112695,0.0167971,5000,6.88531,10.8911,7.77203,0.102112,5.01599,5.01599
984,0.000113988,0.0168143,5000,6.88586,10.9092,7.77478,0.103394,5.01306,5.01306
985,0.000114039,0.0167864,5000,6.87903,10.9451,7.76941,0.101807,4.99622,4.99622
986,0.000113382,0.0168919,5000,6.88171,10.9557,7.77197,0.0983276,5.00934,5.00934
987,0.000114467,0.0167921,5000,6.88666,10.9331,7.77289,0.0993652,5.00397,5.00397
988,0.000114016,0.0167203,5000,6.88763,10.8998,7.77539,0.104431,5.01892,5.01892
989,0.000115169,0.0167293,5000,6.88922,10.8906,7.78058,0.0960693,5.01886,5.01886
990,0.000114223,0.0169746,5000,6.89136,10.8737,7.7818,0.0978394,4.99286,4.99286
991,0.000115151,0.0167932,5000,6.9071,10.9159,7.78979,0.102356,4.98932,4.98932
992,0.000115882,0.0167229,5000,6.90021,10.8856,7.78937,0.0986328,5.01184,5.01184
993,0.000114159,0.0169222,5000,6.89917,10.8953,7.78162,0.101135,5.01404,5.01404
994,0.000114321,0.0168925,5000,6.89709,10.9225,7.78601,0.0983887,5.01428,5.01428
995,0.000115327,0.0168773,5000,6.90442,10.9373,7.79358,0.0966187,5.0083,5.0083
996,0.000114379,0.0167991,5000,6.89709,10.9399,7.78333,0.0988159,5.00262,5.00262
997,0.000113699,0.0168956,5000,6.89838,10.9706,7.78699,0.0990601,4.99304,4.99304
998,0.000115005,0.016833,5000,6.90509,10.9353,7.79346,0.0990601,4.98151,4.98151
999,0.000117204,0.0166452,5000,6.91302,10.9615,7.80823,0.0948486,5.01562,5.01562
1000,0.000114764,0.0170005,5000,6.9068,11.0086,7.79706,0.0965576,5.02063,5.02063
